Isolate number,None,GenBank accession no.,GenBank accession no._1,GenBank accession no._2,GenBank accession no._3,"—
=
—
IBT 32089 =
CBS 135404","Sesame kernels from market,
Plateau State, B/Ladi, Nigeria",9360,1291,1337,8295,UGF 0002,None_1,None_2,None_3,None_4,UAMH 2476,"CBS 135406 =
DTO 228-G8 =
IBT 32091",1148,1551,1223,9761,"CBS 763.97T =
DTO 046-A8 =
NRRL 25528 =
IBT 21091","Soil, USA, ex type of
Aspergillus caelatus",3293,1870,9/8,7149,"DTO 228-F1 =
IBT 32070","Stored maize grains from
market, Shagamu, Ogun
State, Nigeria",3/760,2/59,1392,9215,"ND Ne es ee
IBT
13506 =
21944","CBS 120.51 =
DTO 046-A4 =
ATCC 16859 =
IFO 8135 = IMI
045644 =LCP
96.1517 = LSHB
BB213 = NRRL
2097 = NRRL
A-2022 = QM
6871 = WB 2097
= IBT 3636","Culture contaminant, London,
England, ex type of
Aspergillus thomii",4222,6624,1442,1971,"—
WB 4998 = IBT
4378 = IBT 4402",DTO 2/76-H9,"Poultry feedstuff, Cordoba,
Argentina",17072,8026,3/786,2299,NRRL 20521,"Corn, Mississippi, USA",108,9795,2441,305,"RMF 7757 =
DTO 202-A2","confertifolia, near Jim Bridger
Power Plant, Sweetwater
County, Wyoming, USA","NRRL 29236 =
IBT 29777","house, 1983, Ibaraki
Prefecture, Japan",IBT 32094,"State, Nigeria","9411 = IBT
33358","A. Novakova, 2013",DTO 243-E8,"HIV-Care room, Indonesia",197,6642,4481,3486,"—
DTO 009-H4.","Unknown substrate, Japan",9776,9506,862,4190,DTO 203-C4,"Soil, Aspear Island, Iran",2238,6863,1673,9091,DTO 262-F3,"Indoor environment of child
hospital, Izmir, Turkey",951,4528,6180,6230,"30112 = IMI
191300 = RIB
1045 = SRRC
1126 = K.
Sakaguchi
SH-10-6 = IBT
21642 = |IBT
32109","IFO 5241 = IMI
191304 =
Ohashi 1124 =
IBT 3669 = IBT
3682","Agricultural Experiment
Station, Japan","CBS 167.63 =
NRRL 4680 =
ATCC 15054 =
IMI 172295 =
QM 8903 = WB
4680 = IBT
22566","of Aspergillus indicus and A.
terrricola var. indicus).
Isolation of
dihydrocanadensolide,
fumaric acid,
fumaryl-D,L-alanine,
indazonic acid = cyclopiazonic
acid, kojic acid, succinic acid
and 3-nitropropionic acid
show that these metabolites
can be produced by A. tamarii
(
)
Birch et al.
1968","CBS 130015T =
MUM 10.214 =
IBT 32313","Almond, Portugal, ex type of
Aspergillus transmontanensis",8445,9720,982,9574,"(Asteraceae), Pablo Alto,
Chaco Canyon, New Mexico,",1364,1464,9107,6812
Isolate number,,ITS,BenA,CaM,RPB2,,,,,,,,,,,,,,,,,,,,,,,,,,,,,,,,,,,,,,,,,,,,,,,,,,,,,,,,,,,,,,,,,,,,,,,,,,,,,,,,,,,,,,,,,,,,,,,,,
CBS 143679 = DTO 228-G2T = IBT 32085,"Agricultural soil, Minna, Niger State, Nigeria, ex type of Aspergillus aflatoxiformans",6221,2481,1229,6799,,,,,,,,,,,,,,,,,,,,,,,,,,,,,,,,,,,,,,,,,,,,,,,,,,,,,,,,,,,,,,,,,,,,,,,,,,,,,,,,,,,,,,,,,,,,,,,,,
CBS 121.62 = IMI 093070 = NRRL A-11612 = IBT 3651 = IBT 3850 = DTO 010-H7 =DTO 223-C2 = DTO 228-H6,"Arachis hypogea, Nigeria, PKC Austwick, 1962 (former suggested neotype of Aspergillus parvisclerotigenus)",4783,2208,1027,9461,,,,,,,,,,,,,,,,,,,,,,,,,,,,,,,,,,,,,,,,,,,,,,,,,,,,,,,,,,,,,,,,,,,,,,,,,,,,,,,,,,,,,,,,,,,,,,,,,
CBS 133264 = DTO 215-F3,"Edible mushroom, Lagos State, Nigeria",6655,9469,9675,4909,,,,,,,,,,,,,,,,,,,,,,,,,,,,,,,,,,,,,,,,,,,,,,,,,,,,,,,,,,,,,,,,,,,,,,,,,,,,,,,,,,,,,,,,,,,,,,,,,
CBS 133265 = DTO 215-F4,"Edible mushroom, Lagos State, Nigeria",1064,7/54,3174,7968,,,,,,,,,,,,,,,,,,,,,,,,,,,,,,,,,,,,,,,,,,,,,,,,,,,,,,,,,,,,,,,,,,,,,,,,,,,,,,,,,,,,,,,,,,,,,,,,,
CBS 133923 = DTO 215-F1,"Peanut cake, Niger State, Minna, Nigeria",1124,3697,8176,4675,,,,,,,,,,,,,,,,,,,,,,,,,,,,,,,,,,,,,,,,,,,,,,,,,,,,,,,,,,,,,,,,,,,,,,,,,,,,,,,,,,,,,,,,,,,,,,,,,
CBS 133924 = DTO 215-F2,"Peanut cake, Niger State, Minna, Nigeria",9668,1320,3168,1708,,,,,,,,,,,,,,,,,,,,,,,,,,,,,,,,,,,,,,,,,,,,,,,,,,,,,,,,,,,,,,,,,,,,,,,,,,,,,,,,,,,,,,,,,,,,,,,,,
CBS 133925 = DTO 215-F5,"Peanut cake, Kaduna, Nigeria",9302,4733,1582,8201,,,,,,,,,,,,,,,,,,,,,,,,,,,,,,,,,,,,,,,,,,,,,,,,,,,,,,,,,,,,,,,,,,,,,,,,,,,,,,,,,,,,,,,,,,,,,,,,,
DTO 087-A2,"Soil near road, Ifaty, Madagascar",9007,8081,9904,6253,,,,,,,,,,,,,,,,,,,,,,,,,,,,,,,,,,,,,,,,,,,,,,,,,,,,,,,,,,,,,,,,,,,,,,,,,,,,,,,,,,,,,,,,,,,,,,,,,
DTO 228-G1 = IBT 32079,"Stored rice grains from market, Abeokuta, Ogun State, Nigeria",6188,627/,213,4593,,,,,,,,,,,,,,,,,,,,,,,,,,,,,,,,,,,,,,,,,,,,,,,,,,,,,,,,,,,,,,,,,,,,,,,,,,,,,,,,,,,,,,,,,,,,,,,,,
DTO 228-G3 = IBT 32086 = CBS 135587,"Sesame kernels from market, Plateau State, Vwrang, Nigeria",6/67,218,7658,9215,,,,,,,,,,,,,,,,,,,,,,,,,,,,,,,,,,,,,,,,,,,,,,,,,,,,,,,,,,,,,,,,,,,,,,,,,,,,,,,,,,,,,,,,,,,,,,,,,
DTO 228-G4 = IBT 32087 = CBS 135588,"Sesame kernels from market, Plateau State, Vwrang, Nigeria",3917,70,6290,939,,,,,,,,,,,,,,,,,,,,,,,,,,,,,,,,,,,,,,,,,,,,,,,,,,,,,,,,,,,,,,,,,,,,,,,,,,,,,,,,,,,,,,,,,,,,,,,,,
DTO 228-G5 = IBT 32088 = CBS 135589,"Sesame kernels from market, Plateau State, B/Ladi, Nigeria",4743,3128,6413,8264,,,,,,,,,,,,,,,,,,,,,,,,,,,,,,,,,,,,,,,,,,,,,,,,,,,,,,,,,,,,,,,,,,,,,,,,,,,,,,,,,,,,,,,,,,,,,,,,,
,,,,,,DTO 228-G/7 = IBT 32090 = CBS 135405,"Sesame kernels from market, Plateau State, B/Ladi, Nigeria",4880,9980,9125,,,,,,,,,,,,,,,,,,,,,,,,,,,,,,,,,,,,,,,,,,,,,,,,,,,,,,,,,,,,,,,,,,,,,,,,,,,,,,,,,,,,,,,,,,,,
,,,,,,DTO 228-H2 = IBT 16807,"Mexican sesame seed imported to Denmark and sold in Lyngby, JC Frisvad, 1995",4586,9049,389,435/,,,,,,,,,,,,,,,,,,,,,,,,,,,,,,,,,,,,,,,,,,,,,,,,,,,,,,,,,,,,,,,,,,,,,,,,,,,,,,,,,,,,,,,,,,,
,,,,,,DTO 228-H3 = IBT 16808,"Mexican sesame seed imported to Denmark and sold in Lyngby, JC Frisvad, 1995",3881,838,7137,4138,,,,,,,,,,,,,,,,,,,,,,,,,,,,,,,,,,,,,,,,,,,,,,,,,,,,,,,,,,,,,,,,,,,,,,,,,,,,,,,,,,,,,,,,,,,
,,,,,,DTO 228-H/7 = IBT 32083,"Agricultural soil, Minna State, Nigeria",9056,1056,7511,1216,,,,,,,,,,,,,,,,,,,,,,,,,,,,,,,,,,,,,,,,,,,,,,,,,,,,,,,,,,,,,,,,,,,,,,,,,,,,,,,,,,,,,,,,,,,
,,,,,,CBS 536.65NT = DTO 046-B1 = NRRL 315 = IMI 051982 = QM 1885 = ATCC 10760 = WB 315 = Thom 4656 = IBT 13377 = CCF 5607,"Dead blister beetle (Microbasis albida), Washington D.C., USA, M.M. High, neotype of Aspergillus alliaceus",8278,8/59,4111,9891,,,,,,,,,,,,,,,,,,,,,,,,,,,,,,,,,,,,,,,,,,,,,,,,,,,,,,,,,,,,,,,,,,,,,,,,,,,,,,,,,,,,,,,,,,,
,,,,,,CBS 110.26 = DTO 034-B2 = DTO 046-A7 = IBT 14351 = NRRL 316 = WB 316 = IMI 016125 = Thom 4660 = CCF 9603,Allium cepa,2200,9818,8889,3872,,,,,,,,,,,,,,,,,,,,,,,,,,,,,,,,,,,,,,,,,,,,,,,,,,,,,,,,,,,,,,,,,,,,,,,,,,,,,,,,,,,,,,,,,,,
,,,,,,CBS 143682 = DTO 326-D5 = 9/57 = CCF 9416 = IBT 33356,"Intestine of Allolobophora hrabel, National Reservation Pouzdranska step - Kolby, Czech Republic, A. Novakova, 2013",8/58,9031,1616,1841,,,,,,,,,,,,,,,,,,,,,,,,,,,,,,,,,,,,,,,,,,,,,,,,,,,,,,,,,,,,,,,,,,,,,,,,,,,,,,,,,,,,,,,,,,,
,,,,,,CBS 511.69 = DTO 368-C3 = IBT 13379 =,"Soil, Turkey",1731,7809,3206,1149,,,,,,,,,,,,,,,,,,,,,,,,,,,,,,,,,,,,,,,,,,,,,,,,,,,,,,,,,,,,,,,,,,,,,,,,,,,,,,,,,,,,,,,,,,,
,"Soil, Australia, ex type of Petromyces alliaceus",,,,,,,,,,,CBS 542.65 = DTO 034-A9 = DTO 203-B1 = NRRL 4181 = ATCC 16891 = IBT 13378 = IMI 116711 = QM 1892 = WB 4181 = JH Warcup SA 117,3297,,8170,3511,,,,,,,,,,,,,,,,,,,,,,,,,,,,,,,,,,,,,,,,,,,,,,,,,,,,,,,,,,,,,,,,,,,,,,,,,,,,,,,,,,,,,,
,Unknown source,,,,,,,,,,,DTO 363-E8 = NRRL 318 = IBT 21073 = CCF 9601,1234,2112,9222,3148,,,,,,,,,,,,,,,,,,,,,,,,,,,,,,,,,,,,,,,,,,,,,,,,,,,,,,,,,,,,,,,,,,,,,,,,,,,,,,,,,,,,,,
,"Saltern, Secovlije, Slovenia, P. Zalar",,,,,,,,,,,DTO 363-E9 = IBT 23440 = EXF-670 = CCF 9605,9656,718,965,3153,,,,,,,,,,,,,,,,,,,,,,,,,,,,,,,,,,,,,,,,,,,,,,,,,,,,,,,,,,,,,,,,,,,,,,,,,,,,,,,,,,,,,,
,"Mixed feed, Spain",,,,,,,,,,,DTO 363-F1 = IBT 21992 = A196 = CCF 9604,8284,982,9/43,8242,,,,,,,,,,,,,,,,,,,,,,,,,,,,,,,,,,,,,,,,,,,,,,,,,,,,,,,,,,,,,,,,,,,,,,,,,,,,,,,,,,,,,,
,Contaminant in ex type culture of Aspergillus wentil,,,,,,,,,,,DTO 363-F2 = IBT 21754 = IMI 017295 = CCF 9606,217/,1466,6708,4656,,,,,,,,,,,,,,,,,,,,,,,,,,,,,,,,,,,,,,,,,,,,,,,,,,,,,,,,,,,,,,,,,,,,,,,,,,,,,,,,,,,,,,
,"Soil, Calicut University, India",,,,,,,,,,,DTO 368-C4 = IMI 226007 = IBT 14130 = CCF 5680,8093,4218,1231,2102,,,,,,,,,,,,,,,,,,,,,,,,,,,,,,,,,,,,,,,,,,,,,,,,,,,,,,,,,,,,,,,,,,,,,,,,,,,,,,,,,,,,,,
,"Prairie soil, Nebraska, USA",,,,,,,,,,,IBT 21770,8432,451,8970,979,,,,,,,,,,,,,,,,,,,,,,,,,,,,,,,,,,,,,,,,,,,,,,,,,,,,,,,,,,,,,,,,,,,,,,,,,,,,,,,,,,,,,,
,"Soil above the Movile cave, Romania, 2011, A. Novakova",,,,,,,,,,,Mo2,4750,8454,4122,2866,,,,,,,,,,,,,,,,,,,,,,,,,,,,,,,,,,,,,,,,,,,,,,,,,,,,,,,,,,,,,,,,,,,,,,,,,,,,,,,,,,,,,,
,Unknown source,,,,,,,,,,,NRRL 1206 = Thom 5/741,2912,3476,1594,8662,,,,,,,,,,,,,,,,,,,,,,,,,,,,,,,,,,,,,,,,,,,,,,,,,,,,,,,,,,,,,,,,,,,,,,,,,,,,,,,,,,,,,,
,"Clinical isolate from human ear, Alberta, Canada, ex type of Aspergillus albertensis",,,,,,,,,,,NRRL 20602 = ATCC 58745 = IBT 14317 =,2889,3506,6573,1055,,,,,,,,,,,,,,,,,,,,,,,,,,,,,,,,,,,,,,,,,,,,,,,,,,,,,,,,,,,,,,,,,,,,,,,,,,,,,,,,,,,,,,
,"Soil above the Movile cave, Romania, A. Novakova, 2013",,,,,,,,,,,,6942,103,8859,7780,$862 = CCF 4954,,,,,,,,,,,,,,,,,,,,,,,,,,,,,,,,,,,,,,,,,,,,,,,,,,,,,,,,,,,,,,,,,,,,,,,,,,,,,,,,,,,,,
,"Allolobophora hrabei casts, National Monument Jecmeniste, Czech Republic, A. Novakova, 2013",,,,,,,,,,,,7556,9578,3110,3361,$916 = CCF 9434,,,,,,,,,,,,,,,,,,,,,,,,,,,,,,,,,,,,,,,,,,,,,,,,,,,,,,,,,,,,,,,,,,,,,,,,,,,,,,,,,,,,,
,"Soil above Movile cave, Romania, A. Novakova, 2012",,,,,,,,,,,,2/56,2/20,4229,3903,$98 = CCF 4953,,,,,,,,,,,,,,,,,,,,,,,,,,,,,,,,,,,,,,,,,,,,,,,,,,,,,,,,,,,,,,,,,,,,,,,,,,,,,,,,,,,,,
,"Arachis glabrata leaf, Mercedes, Corrientes province, Argentina, ex type of Aspergillus arachidicola",,,,,,,,,,,,3593,2370,6520,3192,CBS 117610T = DTO 009-G3 = IBT 25020,,,,,,,,,,,,,,,,,,,,,,,,,,,,,,,,,,,,,,,,,,,,,,,,,,,,,,,,,,,,,,,,,,,,,,,,,,,,,,,,,,,,,
,"Arachis glabrata leaf, Mercedes, Corrientes province, Argentina",,,,,,,,,,,,1067,3931,43,6821,CBS 117611 = DTO 009-G4 = IBT 27185,,,,,,,,,,,,,,,,,,,,,,,,,,,,,,,,,,,,,,,,,,,,,,,,,,,,,,,,,,,,,,,,,,,,,,,,,,,,,,,,,,,,,
,"Arachis glabrata leaf, ltuzaingo, Corrientes province, Argentina",,,,,,,,,,,,3453,3165,9654,2631,CBS 117615 = DTO 010-H5 = IBT 28178,,,,,,,,,,,,,,,,,,,,,,,,,,,,,,,,,,,,,,,,,,,,,,,,,,,,,,,,,,,,,,,,,,,,,,,,,,,,,,,,,,,,,
,"Leaf of Protea roupelliae var. roupelliae, Buffelskloof, South Africa",,,,,,,,,,,,3470,2142,6873,6542,DTO 228-H9,,,,,,,,,,,,,,,,,,,,,,,,,,,,,,,,,,,,,,,,,,,,,,,,,,,,,,,,,,,,,,,,,,,,,,,,,,,,,,,,,,,,,
,"Soil, Aspear Island, Urmia Lake, Iran, soil, ex type of Aspergillus aspearensis",,,,,,,,,,,,2621,7215,7725,404C,CBS 143672T = DTO 203-D9 = CCTU/58 = IBT 32590 = IBT 34544,,,,,,,,,,,,,,,,,,,,,,,,,,,,,,,,,,,,,,,,,,,,,,,,,,,,,,,,,,,,,,,,,,,,,,,,,,,,,,,,,,,,,
,"Soil, Aspear Island, Urmia Lake, Iran",,,,,,,,,,,,6077,8298,308,8921,DTO 203-D4 = CBS 143671 = CCTU/53 = IBT 34543,,,,,,,,,,,,,,,,,,,,,,,,,,,,,,,,,,,,,,,,,,,,,,,,,,,,,,,,,,,,,,,,,,,,,,,,,,,,,,,,,,,,,
,"Soil, Aspear Island, Urmia Lake Iran",,,,,,,,,,,,9173,9940,8552,1164,DTO 203-E1 = CBS 143673 = CCTU/59 = IBT 32591,,,,,,,,,,,,,,,,,,,,,,,,,,,,,,,,,,,,,,,,,,,,,,,,,,,,,,,,,,,,,,,,,,,,,,,,,,,,,,,,,,,,,
,"Stored rice grains from market, Abeokuta, Ogun State, Nigeria, ex type of Aspergillus austwickii",,,,,,,,,,,,8387,7108,1769,3022,CBS 143677T = DTO 228-F7 = IBT 32590 = IBT 32076,,,,,,,,,,,,,,,,,,,,,,,,,,,,,,,,,,,,,,,,,,,,,,,,,,,,,,,,,,,,,,,,,,,,,,,,,,,,,,,,,,,,,
,,,,,,,"Stored rice grains from market, Abeokuta, Ogun State, Nigeria",,,,,,,,,,,CBS 143678 = DTO 228-F8 = IBT 32077,664,997,1297,7455,,,,,,,,,,,,,,,,,,,,,,,,,,,,,,,,,,,,,,,,,,,,,,,,,,,,,,,,,,,,,,,,,,,,,,,,,,,,,,,,
,,,,,,,"Stored rice grains from market, Abeokuta, Ogun State, Nigeria",,,,,,,,,,,DTO 228-F9 = IBT 32078,9853,9918,8238,4138,,,,,,,,,,,,,,,,,,,,,,,,,,,,,,,,,,,,,,,,,,,,,,,,,,,,,,,,,,,,,,,,,,,,,,,,,,,,,,,,
,,,,,,,"Green pea (Pisum sativum), United Kingdom, G.E. Turfitt, 1938, ex type of Aspergillus avenaCceus",,,,,,,,,,,CBS 109.46T = DTO 009-H6 = DTO 006-A2 = NRRL 517 = ATCC 16861 = IMI 016140 = LCP 89.2592 = LSHB BB 155 = QM 6741 = WB 317 = IBT 4376 = IBT 4555,4951,2166,1888,9297,,,,,,,,,,,,,,,,,,,,,,,,,,,,,,,,,,,,,,,,,,,,,,,,,,,,,,,,,,,,,,,,,,,,,,,,,,,,,,,,
,,,,,,,"Unknown source, United Kingdom",,,,,,,,,,,CBS 102.45 = NCTC 6548,9/02,5144,4661,9/14,,,,,,,,,,,,,,,,,,,,,,,,,,,,,,,,,,,,,,,,,,,,,,,,,,,,,,,,,,,,,,,,,,,,,,,,,,,,,,,,
,,,,,,,"Soil close to Bertholletia excelsa trees, Amazonian rainforest, Brazil, ex type of Aspergillus betholletius",,,,,,,,,,,CBS 143687 = DTO 223-D3 = IBT 29228 = CCT /7615T = ITAL 270/06,9005,8/71,6618,3448,,,,,,,,,,,,,,,,,,,,,,,,,,,,,,,,,,,,,,,,,,,,,,,,,,,,,,,,,,,,,,,,,,,,,,,,,,,,,,,,
,,,,,,,"Soil close to Bertholletia excelsa trees, Amazonian rainforest",,,,,,,,,,,IBT 29227 = ITAL 275/06 = CCT /618,8292,09 1,9568,2002,,,,,,,,,,,,,,,,,,,,,,,,,,,,,,,,,,,,,,,,,,,,,,,,,,,,,,,,,,,,,,,,,,,,,,,,,,,,,,,,
,,,,,,,"Soil close to Bertholletia excelsa trees, Amazonian rainforest",,,,,,,,,,,IBT 30617 = ITAL 272/06 = CCT 7617,1506,2244,9958,22/6,,,,,,,,,,,,,,,,,,,,,,,,,,,,,,,,,,,,,,,,,,,,,,,,,,,,,,,,,,,,,,,,,,,,,,,,,,,,,,,,
,,,,,,,"Soil close to Bertholletia excelsa trees, Amazonian rainforest",,,,,,,,,,,DTO 223-D4 = IBT 30618 = ITAL 271/06 = CCT 7616,4908,9715,1539,,,,,,,,,,,,,,,,,,,,,,,,,,,,,,,,,,,,,,,,,,,,,,,,,,,,,,,,,,,,,,,,,,,,,,,,,,,,,,,,,
,,,,,,,"Bertholletia excelsa nut shell, Market, Amazon",,,,,,,,,,,IBT 31739 = ITAL 262 = CCT,2924,9330,4612,785,,,,,,,,,,,,,,,,,,,,,,,,,,,,,,,,,,,,,,,,,,,,,,,,,,,,,,,,,,,,,,,,,,,,,,,,,,,,,,,,
,,,,,,,,,,,,,,,,,,,,,,,CBS 764.97 = NRRL 25404,"Soil, USA",3/97,969,1849,9328,,,,,,,,,,,,,,,,,,,,,,,,,,,,,,,,,,,,,,,,,,,,,,,,,,,,,,,,,,,,,,,,,,,,,,,,,,
,,,,,,,,,,,,,,,,,,,,,,,DTO,"Corn silage, Cordoba, Argentina",1660,1/17,4130,31/3,,,,,,,,,,,,,,,,,,,,,,,,,,,,,,,,,,,,,,,,,,,,,,,,,,,,,,,,,,,,,,,,,,,,,,,,,,
,,,,,,,,,,,,,,,,,,,,,,,DTO 285-H9,"Soil from corn field, Thailand",9416,9933,9643,8806,,,,,,,,,,,,,,,,,,,,,,,,,,,,,,,,,,,,,,,,,,,,,,,,,,,,,,,,,,,,,,,,,,,,,,,,,,
,,,,,,,,,,,,,,,,,,,,,,,DTO 285-I1,"Soil from corn field, Thailand",4160,8311,8314,4105,,,,,,,,,,,,,,,,,,,,,,,,,,,,,,,,,,,,,,,,,,,,,,,,,,,,,,,,,,,,,,,,,,,,,,,,,,
,,,,,,,,,,,,,,,,,,,,,,,NRRL 25566 = IBT 29770 = DTO 073-B/,"Soil, Japan",4896,3158,6359,268,,,,,,,,,,,,,,,,,,,,,,,,,,,,,,,,,,,,,,,,,,,,,,,,,,,,,,,,,,,,,,,,,,,,,,,,,,
,,,,,,,,,,,,,,,,,,,,,,,NRRL 25567 = IBT 29773 = DTO 073-B8,"Soil, Japan",7455,8366,8651,1795,,,,,,,,,,,,,,,,,,,,,,,,,,,,,,,,,,,,,,,,,,,,,,,,,,,,,,,,,,,,,,,,,,,,,,,,,,
,,,,,,,,,,,,,,,,,,,,,,,NRRL 25568 = IBT 29772 = DTO 073-B9,"Soil, Japan",2099,8420,2/71,9835,,,,,,,,,,,,,,,,,,,,,,,,,,,,,,,,,,,,,,,,,,,,,,,,,,,,,,,,,,,,,,,,,,,,,,,,,,
,,,,,,,,,,,,,,,,,,,,,,,NRRL 25569 = IBT 29771 = DTO 073-C1,"Soil, Japan",1804,319,9060,7088,,,,,,,,,,,,,,,,,,,,,,,,,,,,,,,,,,,,,,,,,,,,,,,,,,,,,,,,,,,,,,,,,,,,,,,,,,
,,,,,,,,,,,,,,,,,,,,,,,NRRL 26100,"Soil of peanut field, 2.5 km east of Herod, Georgia, USA",2100,6343,9987,2194,,,,,,,,,,,,,,,,,,,,,,,,,,,,,,,,,,,,,,,,,,,,,,,,,,,,,,,,,,,,,,,,,,,,,,,,,,
,,,,,,,,,,,,,,,,,,,,,,,CBS 143674T = DTO 228-E7 = IBT 32067,"Stored rice grains from market, Shagamu, Ogun State, Nigeria, ex type of Aspergillus cerealis",1118,4266,2243,,,,,,,,,,,,,,,,,,,,,,,,,,,,,,,,,,,,,,,,,,,,,,,,,,,,,,,,,,,,,,,,,,,,,,,,,,,
,,,,,,,,,,,,,,,,,,,,,,,CBS 143675 = DTO 228-E8 = IBT 32068,"Stored rice grains from market, Shagamu, Ogun State, Nigeria",3452,4494,7240,2509,,,,,,,,,,,,,,,,,,,,,,,,,,,,,,,,,,,,,,,,,,,,,,,,,,,,,,,,,,,,,,,,,,,,,,,,,,
,,,,,,,,,,,,,,,,,,,,,,,CBS 143676 = DTO 228-E9 = IBT 32069,"Stored maize grains from market, Shagamu, Ogun State, Nigeria",1960,9340,929,6641,,,,,,,,,,,,,,,,,,,,,,,,,,,,,,,,,,,,,,,,,,,,,,,,,,,,,,,,,,,,,,,,,,,,,,,,,,
,,,,,,,,,,,,,,,,,,,,,,,DTO 228-E6 = IBT 32076,"Stored rice grains from market, Shagamu, Ogun State, Nigeria",9692,9459,2351,701¢,,,,,,,,,,,,,,,,,,,,,,,,,,,,,,,,,,,,,,,,,,,,,,,,,,,,,,,,,,,,,,,,,,,,,,,,,,
,,,,,,,,,,,,,,,,,,,,,,,,,,,,,DTO 228-F2 = IBT 32071,"Stored maize grains from market, Shagamu, Ogun State, Nigeria",7750,8987,6347,8622,,,,,,,,,,,,,,,,,,,,,,,,,,,,,,,,,,,,,,,,,,,,,,,,,,,,,,,,,,,,,,,,,,,,
,,,,,,,,,,,,,,,,,,,,,,,,,,,,,DTO 228-F3 = IBT 32072,"Stored maize grains from market, Shagamu, Ogun State, Nigeria",1174,1540,9947,6637,,,,,,,,,,,,,,,,,,,,,,,,,,,,,,,,,,,,,,,,,,,,,,,,,,,,,,,,,,,,,,,,,,,,
,,,,,,,,,,,,,,,,,,,,,,,,,,,,,DTO 228-F4 = IBT 32073,"Stored maize grains from market, Shagamu, Ogun State, Nigeria",1422,9570,9597,1397,,,,,,,,,,,,,,,,,,,,,,,,,,,,,,,,,,,,,,,,,,,,,,,,,,,,,,,,,,,,,,,,,,,,
,,,,,,,,,,,,,,,,,,,,,,,,,,,,,DTO 228-F5 = IBT 32074,"Stored maize grains from market, Shagamu, Ogun State, Nigeria",9429,8396,490,896C,,,,,,,,,,,,,,,,,,,,,,,,,,,,,,,,,,,,,,,,,,,,,,,,,,,,,,,,,,,,,,,,,,,,
,,,,,,,,,,,,,,,,,,,,,,,,,,,,,DTO 228-F6 = IBT 32075,"Stored maize grains from market, Shagamu, Ogun State, Nigeria",1814,6881,925,3239,,,,,,,,,,,,,,,,,,,,,,,,,,,,,,,,,,,,,,,,,,,,,,,,,,,,,,,,,,,,,,,,,,,,
,,,,,,,,,,,,,,,,,,,,,,,,,,,,,MACI219 = NRRL 66709,"Peanut pods, Pokaha, Karhogo region, North part of Cote d'Ivoire (Ivory Coast)",1410,2098,312,394¢,,,,,,,,,,,,,,,,,,,,,,,,,,,,,,,,,,,,,,,,,,,,,,,,,,,,,,,,,,,,,,,,,,,,
,,,,,,,,,,,,,,,,,,,,,,,,,,,,,MACI254 = NRRL 66710,"Peanut pods, Gbandokaha, Karhogo region, North part of Cote 2014, probably ex type of Aspergillus korhogoensis",1067,8892,1343,3169,,,,,,,,,,,,,,,,,,,,,,,,,,,,,,,,,,,,,,,,,,,,,,,,,,,,,,,,,,,,,,,,,,,,
,,,,,,,,,,,,,,,,,,,,,,,,,,,,,MACI264 = NRRL 66711,"Peanut pods, Gbandokaha, Karhogo region, North part of Cote d’lvoire, 2014",6624,6856,7461,8164,,,,,,,,,,,,,,,,,,,,,,,,,,,,,,,,,,,,,,,,,,,,,,,,,,,,,,,,,,,,,,,,,,,,
,,,,,,,,,,,,,,,,,,,,,,,,,,,,,MACI46 = NRRL 66708,"Peanut pods, Karhogo region, North part of Cote d'Ivoire, 2014",8050,7907,945,1222,,,,,,,,,,,,,,,,,,,,,,,,,,,,,,,,,,,,,,,,,,,,,,,,,,,,,,,,,,,,,,,,,,,,
,,,,,,,,,,,,,,,,,,,,,,,,,,,,,CBS 553.77T = DTO 046-A3 = ATCC 38576 = IHEM 4503 = IMI 223069 = NRRL 13603 = NRRL 13756 =,"Soil, Tai National Forest, Ivory Coast, ex type of Aspergillus coremiiformis",2733,6083,3609,975/,,,,,,,,,,,,,,,,,,,,,,,,,,,,,,,,,,,,,,,,,,,,,,,,,,,,,,,,,,,,,,,,,,,,
,"Cellophane diaphragm of an optical mask, South Pacific Islands, ex type of Aspergillus flavus",,,,,,,,,,,,3456,8452,1493,123€,,,,,,,,,,,,,,,,,,,CBS 100927T = NRRL 1957 = ATCC 16883 = CBS 569.65 = IMI 124930 = IBT 3605 = IBT 3610,,,,,,,,,,,,,,,,,,,,,,,,,,,,,,,,,,,,,,,,,,,,,,,,,,,,,,,,,,,,,,,,,,,
,"Seed of upland cotton (Gossypium hirsutum), Arizona, USA, genome sequenced",,,,,,,,,,,,9620,6023,963,1597,,,,,,,,,,,,,,,,,,,,,,,,,,,,,,,,,,,,,,,,,,,,,,,,,,,,,,,,,,,,,,,,,,,,,,,,,,,,,,,,,,,,,,
,"Air contaminant, Brazil, ex type of Aspergillus fasciculatus",,,,,,,,,,,,6580,6/733,994,941(,,,,,,,,,,,,,,,,,,,CBS 110.55 = DTO 046-A1 = ATCC 12073 = NRRL 4743 = IMUR 236 = QM 6951 = WB 4743 = IBT 3819,,,,,,,,,,,,,,,,,,,,,,,,,,,,,,,,,,,,,,,,,,,,,,,,,,,,,,,,,,,,,,,,,,,
,"Arachis hypogea seed, Provincia de Formosa, Las Lomitas, Argentina",,,,,,,,,,,,145,1817,6240,3601,,,,,,,,,,,,,,,,,,,CBS 117637 = DTO 009-F9 = IBT 27177,,,,,,,,,,,,,,,,,,,,,,,,,,,,,,,,,,,,,,,,,,,,,,,,,,,,,,,,,,,,,,,,,,,
,"Arachis hypogea seed, Provincia de Corrientes, Empedrado, Argentina",,,,,,,,,,,,2045,3430,6613,8290,,,,,,,,,,,,,,,,,,,CBS 117638 = DTO 009-G1,,,,,,,,,,,,,,,,,,,,,,,,,,,,,,,,,,,,,,,,,,,,,,,,,,,,,,,,,,,,,,,,,,,
,"Walnut, USA (small sclerotia)",,,,,,,,,,,,3/0,6992,6819,3527,,,,,,,,,,,,,,,,,,,CBS 117732 = NRRL 3251 = IBT 3597 = IBT 3618,,,,,,,,,,,,,,,,,,,,,,,,,,,,,,,,,,,,,,,,,,,,,,,,,,,,,,,,,,,,,,,,,,,
,"Arachis hypogea, Brazil",,,,,,,,,,,,6574,2900,2231,,,,,,,,,,,,,,,,,,,,CBS 118.62 = DTO 010-H6 = IFO 7600 = IMI 091548 = NRRL A-11608 = RIB 1406,,,,,,,,,,,,,,,,,,,,,,,,,,,,,,,,,,,,,,,,,,,,,,,,,,,,,,,,,,,,,,,,,,,
,"Wheat, Boun-up, Boukun, Chungbuk Prov., South Korea",,,,,,,,,,,,2117,5186,8538,909°,,,,,,,,,,,,,,,,,,,CBS 119368 = DTO 011-12 = KACC 41730,,,,,,,,,,,,,,,,,,,,,,,,,,,,,,,,,,,,,,,,,,,,,,,,,,,,,,,,,,,,,,,,,,,
,,,,,,,,,,,,,,,,,,,,,,,,,,,,,,,,,,,,CBS 128202 = NRRL 3357 = ATCC 200026 = IBT 3696 = IBT 28518 = IBT 29624,"Peanut cotyledons, USA, genome sequenced",1644,6280,7858,6080,,,,,,,,,,,,,,,,,,,,,,,,,,,,,,,,,,,,,,,,,,,,,,,,,,,,,,,,,,,,,
,,,,,,,,,,,,,,,,,,,,,,,,,,,,,,,,,,,,CBS 133263 = DTO 215-E9,"Edible mushroom from market, Lagos State, Nigeria",4560,8984,3697,8305,,,,,,,,,,,,,,,,,,,,,,,,,,,,,,,,,,,,,,,,,,,,,,,,,,,,,,,,,,,,,
,,,,,,,,,,,,,,,,,,,,,,,,,,,,,,,,,,,,CBS 143688 = DTO 359-D8 = KACC 46894 = IBT 34547,"Air, South Korea",7217,8438,2853,3509,,,,,,,,,,,,,,,,,,,,,,,,,,,,,,,,,,,,,,,,,,,,,,,,,,,,,,,,,,,,,
,,,,,,,,,,,,,,,,,,,,,,,,,,,,,,,,,,,,CBS 143689 = DTO 359-D9 = KACC 46895 = IBT 34548,"Air, South Korea",4378,6531,9611,3843,,,,,,,,,,,,,,,,,,,,,,,,,,,,,,,,,,,,,,,,,,,,,,,,,,,,,,,,,,,,,
,,,,,,,,,,,,,,,,,,,,,,,,,,,,,,,,,,,,CBS 485.65 = DTO 046-B7 = ATCC 16870 = IFO 5324 = IMI 124932 89.3556 = NRRL 4818 = WB 4818 = IBT 3641 = IBT 3657,"Butter, Japan, ex type of Aspergillus flavus var. columnaris and A. flavus var. asper",2035,700,3396,8223,,,,,,,,,,,,,,,,,,,,,,,,,,,,,,,,,,,,,,,,,,,,,,,,,,,,,,,,,,,,,
,,,,,,,,,,,,,,,,,,,,,,,,,,,,,,,,,,,,CBS 501.65 = DTO 046-B5 = ATCC 16862 = IMI 044882 =,"Cotton lintafelt, England, ex neotype of Aspergillus subolivaceus",7280,3/59,708,21/3,,,,,,,,,,,,,,,,,,,,,,,,,,,,,,,,,,,,,,,,,,,,,,,,,,,,,,,,,,,,,
,"Stratigraphic core sample, soil, Niigata Pref., Kambara, Japan, ex type of Aspergillus kambarensis",,,,,,,,,,,,3574,4689,3423,2234,,,,,,,,,,,,,,,,,,,,,,,,,,CBS 542.69 = DTO 046-B4 = IMI 141553 = NRRL 3751 = GKC 1421(1) = IBT 3649,,,,,,,,,,,,,,,,,,,,,,,,,,,,,,,,,,,,,,,,,,,,,,,,,,,,,,,,,,,,
,"Corn (Zea mays), Vermont, USA, representative of A. effusus fideThom & Church (1926) and Thom & Raper (1945) (Raper & Fennell 1965:377)",,,,,,,,,,,,6991,9635,2661,4065,,,,,,,,,,,,,,,,,,,,,,,,,,CBS 574.65 = DTO 303-C3 = ATCC 1010 = IMI 016142 = IMI 124935 = NRRL 906 = NRRL 1653,,,,,,,,,,,,,,,,,,,,,,,,,,,,,,,,,,,,,,,,,,,,,,,,,,,,,,,,,,,,
,"Infection of leg (after liver transplantation), male 43 year old, China",,,,,,,,,,,,3450,7995,6048,4582,,,,,,,,,,,,,,,,,,,,,,,,,,DTO 016-I5 dH 16719,,,,,,,,,,,,,,,,,,,,,,,,,,,,,,,,,,,,,,,,,,,,,,,,,,,,,,,,,,,,
,"Peanut, Indonesia",,,,,,,,,,,,3509,9540,9922,3934,,,,,,,,,,,,,,,,,,,,,,,,,,DTO 062-C7,,,,,,,,,,,,,,,,,,,,,,,,,,,,,,,,,,,,,,,,,,,,,,,,,,,,,,,,,,,,
,"Peanut, Indonesia",,,,,,,,,,,,1743,9553,6000,9172,,,,,,,,,,,,,,,,,,,,,,,,,,DTO 062-C8,,,,,,,,,,,,,,,,,,,,,,,,,,,,,,,,,,,,,,,,,,,,,,,,,,,,,,,,,,,,
,"Peanut, Indonesia",,,,,,,,,,,,1939,2690,2037,8/6€,,,,,,,,,,,,,,,,,,,,,,,,,,DTO 062-H7,,,,,,,,,,,,,,,,,,,,,,,,,,,,,,,,,,,,,,,,,,,,,,,,,,,,,,,,,,,,
,"Corn kernels, Indonesia",,,,,,,,,,,,1822,9632,3746,4295,,,,,,,,,,,,,,,,,,,,,,,,,,DTO 066-C3,,,,,,,,,,,,,,,,,,,,,,,,,,,,,,,,,,,,,,,,,,,,,,,,,,,,,,,,,,,,
,"Forest soil, Ifaty, Madagascar",,,,,,,,,,,,2668,9350,8675,265/,,,,,,,,,,,,,,,,,,,,,,,,,,DTO 087-A3,,,,,,,,,,,,,,,,,,,,,,,,,,,,,,,,,,,,,,,,,,,,,,,,,,,,,,,,,,,,
,"Forest soil, Ifaty, Madagascar",,,,,,,,,,,,9947,4107,26,657,,,,,,,,,,,,,,,,,,,,,,,,,,DTO 087-A4,,,,,,,,,,,,,,,,,,,,,,,,,,,,,,,,,,,,,,,,,,,,,,,,,,,,,,,,,,,,
,"Laboratory contaminant, Nigeria",,,,,,,,,,,,1629,9986,933,,,,,,,,,,,,,,,,,,,,,,,,,,,DTO 215-E5,,,,,,,,,,,,,,,,,,,,,,,,,,,,,,,,,,,,,,,,,,,,,,,,,,,,,,,,,,,,
,"Corn kernels, from East.Europe, imported to the Netherlands",,,,,,,,,,,,1882,6918,1604,364€,,,,,,,,,,,,,,,,,,,,,,,,,,DTO 258-C9,,,,,,,,,,,,,,,,,,,,,,,,,,,,,,,,,,,,,,,,,,,,,,,,,,,,,,,,,,,,
,"Corn kernels, from East.Europe, imported to the Netherlands",,,,,,,,,,,,8009,48,2666,703¢,,,,,,,,,,,,,,,,,,,,,,,,,,DTO 258-D6,,,,,,,,,,,,,,,,,,,,,,,,,,,,,,,,,,,,,,,,,,,,,,,,,,,,,,,,,,,,
,"Poultry feedstuff, Cordoba, Argentina",,,,,,,,,,,,9840,2754,1064,7450,,,,,,,,,,,,,,,,,,,,,,,,,,DTO 2/6-H7,,,,,,,,,,,,,,,,,,,,,,,,,,,,,,,,,,,,,,,,,,,,,,,,,,,,,,,,,,,,
,"Poultry feedstuff, Cordoba, Argentina",,,,,,,,,,,,8571,2931,7517,8214,,,,,,,,,,,,,,,,,,,,,,,,,,DTO 2/76-H8,,,,,,,,,,,,,,,,,,,,,,,,,,,,,,,,,,,,,,,,,,,,,,,,,,,,,,,,,,,,
,,,,,,,,,,,,,,,,,,,,,,,,,,,,,,,,,,,,,,,,,,,DTO 276-I1,"Poultry feedstuff, Cordoba, Argentina",8719,2161,8320,1848,,,,,,,,,,,,,,,,,,,,,,,,,,,,,,,,,,,,,,,,,,,,,,,,,,,,,,
,,,,,,,,,,,,,,,,,,,,,,,,,,,,,,,,,,,,,,,,,,,DTO 276-13,"Corn silage, Cordoba, Argentina",2/709,9440,124,8015,,,,,,,,,,,,,,,,,,,,,,,,,,,,,,,,,,,,,,,,,,,,,,,,,,,,,,
,,,,,,,,,,,,,,,,,,,,,,,,,,,,,,,,,,,,,,,,,,,DTO 276-14,"Chinchilla feedstuffs, Cordoba, Argentina",6570,4597,8424,2693,,,,,,,,,,,,,,,,,,,,,,,,,,,,,,,,,,,,,,,,,,,,,,,,,,,,,,
,,,,,,,,,,,,,,,,,,,,,,,,,,,,,,,,,,,,,,,,,,,DTO 276-15,"Chinchilla feedstuffs, Cordoba, Argentina",9914,1413,1652,1627,,,,,,,,,,,,,,,,,,,,,,,,,,,,,,,,,,,,,,,,,,,,,,,,,,,,,,
,,,,,,,,,,,,,,,,,,,,,,,,,,,,,,,,,,,,,,,,,,,DTO 276-16,"Chinchilla feedstuffs, Cordoba, Argentina",8353,9/86,3908,7780,,,,,,,,,,,,,,,,,,,,,,,,,,,,,,,,,,,,,,,,,,,,,,,,,,,,,,
,,,,,,,,,,,,,,,,,,,,,,,,,,,,,,,,,,,,,,,,,,,DTO 276-|7,"Chinchilla feedstuffs, Cordoba, Argentina",3465,6173,9561,970,,,,,,,,,,,,,,,,,,,,,,,,,,,,,,,,,,,,,,,,,,,,,,,,,,,,,,
,,,,,,,,,,,,,,,,,,,,,,,,,,,,,,,,,,,,,,,,,,,DTO 276-18,"Chinchilla feedstuffs, Cordoba, Argentina",8848,234/,1194,8454,,,,,,,,,,,,,,,,,,,,,,,,,,,,,,,,,,,,,,,,,,,,,,,,,,,,,,
,,,,,,,,,,,,,,,,,,,,,,,,,,,,,,,,,,,,,,,,,,,DTO 281-E2,"Rice, Thailand",6513,662,7240,4835,,,,,,,,,,,,,,,,,,,,,,,,,,,,,,,,,,,,,,,,,,,,,,,,,,,,,,
,,,,,,,,,,,,,,,,,,,,,,,,,,,,,,,,,,,,,,,,,,,DTO 281-H8,"Rice, Thailand",6679,4650,2381,1864,,,,,,,,,,,,,,,,,,,,,,,,,,,,,,,,,,,,,,,,,,,,,,,,,,,,,,
,,,,,,,,,,,,,,,,,,,,,,,,,,,,,,,,,,,,,,,,,,,DTO 285-F6,"Soil from corn-field, Thailand",909,8789,2278,2481,,,,,,,,,,,,,,,,,,,,,,,,,,,,,,,,,,,,,,,,,,,,,,,,,,,,,,
,,,,,,,,,,,,,,,,,,,,,,,,,,,,,,,,,,,,,,,,,,,DTO 285-G3,"Soil from corn-field, Thailand",4091,7094,6/59,4994,,,,,,,,,,,,,,,,,,,,,,,,,,,,,,,,,,,,,,,,,,,,,,,,,,,,,,
,,,,,,,,,,,,,,,,,,,,,,,,,,,,,,,,,,,,,,,,,,,DTO 285-14,"Soil from corn-field, Thailand",1228,6793,1044,6380,,,,,,,,,,,,,,,,,,,,,,,,,,,,,,,,,,,,,,,,,,,,,,,,,,,,,,
,,,,,,,,,,,,,,,,,,,,,,,,,,,,,,,,,,,,,,,,,,,DTO 300-C7,"Corn kernels, imported into the Netherlands",8246,7162,9313,6537,,,,,,,,,,,,,,,,,,,,,,,,,,,,,,,,,,,,,,,,,,,,,,,,,,,,,,
,,,,,,,,,,,,,,,,,,,,,,,,,,,,,,,,,,,,,,,,,,,DTO 300-D7,"Corn kernels, imported into the Netherlands",8916,6561,2138,9349,,,,,,,,,,,,,,,,,,,,,,,,,,,,,,,,,,,,,,,,,,,,,,,,,,,,,,
,,,,,,,,,,,,,,,,,,,,,,,,,,,,,,,,,,,,,,,,,,,DTO 359-D7 = IBT 34546 = KACC 46893,"Air, South Korea",6673,8352,8068,3423,,,,,,,,,,,,,,,,,,,,,,,,,,,,,,,,,,,,,,,,,,,,,,,,,,,,,,
,,,,,,,,,,,,,,,,,,,,,,,,,,,,,,,,,,,,,,,,,,,DTO 359-E1 = IBT 34551 = KACC 46897,"Corn, South Korea",4042,6759,1928,2917,,,,,,,,,,,,,,,,,,,,,,,,,,,,,,,,,,,,,,,,,,,,,,,,,,,,,,
,,,,,,,,,,,,,,,,,,,,,,,,,,,,,,,,,,,,,,,,,,,DTO 359-E2 = IBT 34550 = KACC 46913,"Soil, South Korea",3/51,4150,1341,8236,,,,,,,,,,,,,,,,,,,,,,,,,,,,,,,,,,,,,,,,,,,,,,,,,,,,,,
,,,,,,,,,,,,,,,,,,,,,,,,,,,,,,,,,,,,,,,,,,,DTO 359-E3 = KACC 46917,"Soil, Gyoenggi, Suwon, Korea",6421,4342,8677,2/759,,,,,,,,,,,,,,,,,,,,,,,,,,,,,,,,,,,,,,,,,,,,,,,,,,,,,,
,,,,,,,,,,,,,,,,,,,,,,,,,,,,,,,,,,,,,,,,,,,,,,,,,NRRL 3518 = NRRL A-14304,"Wheat flour, Peoria, Illinois, USA",3639,1006,9027,9/24,,,,,,,,,,,,,,,,,,,,,,,,,,,,,,,,,,,,,,,,,,,,,,,,
,,,,,,,,,,,,,,,,,,,,,,,,,,,,,,,,,,,,,,,,,,,,,,,,,NRRL 4822,Unknown source,9639,1836,,8709,,,,,,,,,,,,,,,,,,,,,,,,,,,,,,,,,,,,,,,,,,,,,,,,
,,,,,,,,,,,,,,,,,,,,,,,,,,,,,,,,,,,,,,,,,,,,,,,,,FRR 3425T = CBS 142004 = DTO 360-G/,"Cultivated soil, Queensland, Australia, ex type of Aspergillus hancockii",4401,708,8463,3938,,,,,,,,,,,,,,,,,,,,,,,,,,,,,,,,,,,,,,,,,,,,,,,,
,,,,,,,,,,,,,,,,,,,,,,,,,,,,,,,,,,,,,,,,,,,,,,,,,CBS 142001 = FRR 5050 = DTO 360-G4 = IBT 35030,"Soil, Lockhart, New South Wales, Australia, Pitt, 2003",3186,154,3379,955,,,,,,,,,,,,,,,,,,,,,,,,,,,,,,,,,,,,,,,,,,,,,,,,
,,,,,,,,,,,,,,,,,,,,,,,,,,,,,,,,,,,,,,,,,,,,,,,,,CBS 142002 = FRR 6103 = DTO 360-G5 = IBT 35031,"Dried peas, Victoria, Australia, M. Bull, 1997",3802,8743,2540,3215,,,,,,,,,,,,,,,,,,,,,,,,,,,,,,,,,,,,,,,,,,,,,,,,
,,,,,,,,,,,,,,,,,,,,,,,,,,,,,,,,,,,,,,,,,,,,,,,,,CBS 650.74T = IMI 130727 = QM 9183 = IBT 33634,"Soil under Tectona grandis, Uttar Pradesh, India",7280,9988,3575,3666,,,,,,,,,,,,,,,,,,,,,,,,,,,,,,,,,,,,,,,,,,,,,,,,
,,,,,,,,,,,,,,,,,,,,,,,,,,,,,,,,,,,,,,,,,,,,,,,,,CBS 151.66T = IBT 3609 = DTO 199-B2 = CBS 129302 = RMF 99 = WB 5188 = ATCC 16490 = LCP 89.2583 = NRRL 3216,"Dung of Lepus townsensil, near Saratoga, Wyoming, USA, ex type of Aspergillus leporis",9378,2813,8829,7601,,,,,,,,,,,,,,,,,,,,,,,,,,,,,,,,,,,,,,,,,,,,,,,,
,,,,,,,,,,,,,,,,,,,,,,,,,,,,,,,,,,,,,,,,,,,,,,,,,CBS 125914 = DTO 195-C3 = R1251,"A1 horizon soil, open area in sagebrush grassland, Rock Springs, Wyoming, USA (DOE site, 11 km west of Rock Springs)",6167,8/86,2168,6299,,,,,,,,,,,,,,,,,,,,,,,,,,,,,,,,,,,,,,,,,,,,,,,,
,,,,,,,,,,,,,,,,,,,,,,,,,,,,,,,,,,,,,,,,,,,,,,,,,CBS 129235 = DTO 303-C5,"Plant root tissue at non-seleniferous soil, Nunn, Colorado, USA",9384,6861,2397,3793,,,,,,,,,,,,,,,,,,,,,,,,,,,,,,,,,,,,,,,,,,,,,,,,
,,,,,,,,,,,,,,,,,,,,,,,,,,,,,,,,,,,,,,,,,,,,,,,,,CBS 129310 = RMF 9587 = DTO 201-H1,"A1 horizon soil, Canyonlands National Park, Utah, USA",9923,4977,2129,9890,,,,,,,,,,,,,,,,,,,,,,,,,,,,,,,,,,,,,,,,,,,,,,,,
,,,,,,,,,,,,,,,,,,,,,,,,,,,,,,,,,,,,,,,,,,,,,,,,,CBS 129330 =,Soil beneath Atriplex,9433,8534,7021,4881,,,,,,,,,,,,,,,,,,,,,,,,,,,,,,,,,,,,,,,,,,,,,,,,
,3901,,,,,,,,,,,,1289,883,9189,,,,,,,,,,,,,,,,,,,,,,,,,,,,,,,,,,,,,,,,CBS 129596 = DTO 206-A8 = RMF G74,"A1 horizon soil from bunchgrass rhizosphere, sagebrush grassland, Rock Springs, Wyoming, USA",,,,,,,,,,,,,,,,,,,,,,,,,,,,,,,,,,,,,,,,,,,,,,
,802,,,,,,,,,,,,1353,1013,1892,,,,,,,,,,,,,,,,,,,,,,,,,,,,,,,,,,,,,,,,CBS 132153 = DTO 210-E1,"Surface soil, near Dubois, Wyoming, USA",,,,,,,,,,,,,,,,,,,,,,,,,,,,,,,,,,,,,,,,,,,,,,
,9485,,,,,,,,,,,,3/779,1428,344¢,,,,,,,,,,,,,,,,,,,,,,,,,,,,,,,,,,,,,,,,CBS 132177 = RMF 2050 = DTO 210-G5,"A1 Horizon soil, Grand Teton National Park, Wyoming, USA",,,,,,,,,,,,,,,,,,,,,,,,,,,,,,,,,,,,,,,,,,,,,,
,4173,,,,,,,,,,,,8889,9343,9393,,,,,,,,,,,,,,,,,,,,,,,,,,,,,,,,,,,,,,,,CBS 349.81 = IBT 3600 = NRRL 6599 = DTO 303-C4 = ATCC 44565 = Strain 0168,"Soil, Wyoming, USA",,,,,,,,,,,,,,,,,,,,,,,,,,,,,,,,,,,,,,,,,,,,,,
,3846,,,,,,,,,,,,9947,6139,1862,,,,,,,,,,,,,,,,,,,,,,,,,,,,,,,,,,,,,,,,IBT 12296 = IBT 13578 = ATCC 76617,"Soil undre grass, Canyon de Chelly, Arizona, USA",,,,,,,,,,,,,,,,,,,,,,,,,,,,,,,,,,,,,,,,,,,,,,
,2173,,,,,,,,,,,,8486,2512,2810,,,,,,,,,,,,,,,,,,,,,,,,,,,,,,,,,,,,,,,,IBT 16309 = RMF A39,"Soil under Atriplex gardneri, cool desert, 10 km north of Rock Springs, Great Divide Basin, Wyoming, USA",,,,,,,,,,,,,,,,,,,,,,,,,,,,,,,,,,,,,,,,,,,,,,
,3998,,,,,,,,,,,,9662,3926,8313,,,,,,,,,,,,,,,,,,,,,,,,,,,,,,,,,,,,,,,,IBT 16585,"Soil under Atriplex confertifolia, cool desert, 10 km north of Rock Springs, Great Divide Basin, Wyoming, USA",,,,,,,,,,,,,,,,,,,,,,,,,,,,,,,,,,,,,,,,,,,,,,
,8660,,,,,,,,,,,,8667,329,6977,,,,,,,,,,,,,,,,,,,,,,,,,,,,,,,,,,,,,,,,CBS 132178 = RMF 2110 = DTO 210-G6,"A1 Horizon soil, Grand Teton National Park, Wyoming, USA",,,,,,,,,,,,,,,,,,,,,,,,,,,,,,,,,,,,,,,,,,,,,,
,9531,,,,,,,,,,,,157,1321,6162,,,,,,,,,,,,,,,,,,,,,,,,,,,,,,,,,,,,,,,,CBS 620.95T = DTO 010-H1,"Unknown source, ex type of Aspergillus luteovirescens",,,,,,,,,,,,,,,,,,,,,,,,,,,,,,,,,,,,,,,,,,,,,,
,3853,,,,,,,,,,,,7008,8157,8846,,,,,,,,,,,,,,,,,,,,,,,,,,,,,,,,,,,,,,,,CBS 117187 = NRRL 25010 = IBT 23536,"Frass in a silkworm rearing house, Japan, 1987, ex type of Aspergillus bombycis",,,,,,,,,,,,,,,,,,,,,,,,,,,,,,,,,,,,,,,,,,,,,,
,2323,,,,,,,,,,,,9556,6631,281,,,,,,,,,,,,,,,,,,,,,,,,,,,,,,,,,,,,,,,,DTO 073-C3 =,Frass in a silkworm rearing,,,,,,,,,,,,,,,,,,,,,,,,,,,,,,,,,,,,,,,,,,,,,,
,2914,,,,,,,,,,,,4770,1568,2602,,,,,,,,,,,,,,,,,,,,,,,,,,,,,,,,,,,,,,,,,,DTO 073-C4 = NRRL 29237 = IBT 29780,"Frass in a silkworm rearing house, 1983, Ibaraki Prefecture, Japan",,,,,,,,,,,,,,,,,,,,,,,,,,,,,,,,,,,,,,,,,,,,
,4246,,,,,,,,,,,,4348,3893,206¢,,,,,,,,,,,,,,,,,,,,,,,,,,,,,,,,,,,,,,,,,,DTO 073-C5 = NRRL 29241 = IBT 29779,"Frass in a silkworm rearing house, 1983, Oita Prefecture, Japan",,,,,,,,,,,,,,,,,,,,,,,,,,,,,,,,,,,,,,,,,,,,
,8215,,,,,,,,,,,,2225,o/,23/5,,,,,,,,,,,,,,,,,,,,,,,,,,,,,,,,,,,,,,,,,,ITAL 246 = IBT 31534,"Brazil nut, Amazon, Brazil",,,,,,,,,,,,,,,,,,,,,,,,,,,,,,,,,,,,,,,,,,,,
,9443,,,,,,,,,,,,7917,493,,,,,,,,,,,,,,,,,,,,,,,,,,,,,,,,,,,,,,,,,,,NRRL 25593 = IBT 23535,"Frass in a silkworm rearing house, Japan, 1987",,,,,,,,,,,,,,,,,,,,,,,,,,,,,,,,,,,,,,,,,,,,
,9283,,,,,,,,,,,,9831,3545,6147,,,,,,,,,,,,,,,,,,,,,,,,,,,,,,,,,,,,,,,,,,NRRL 29235 = DTO 073-C2 = IBT 23537 = IBT 29778,"Frass in a silkworn rearing house, Indonesia, 1999",,,,,,,,,,,,,,,,,,,,,,,,,,,,,,,,,,,,,,,,,,,,
,9453,,,,,,,,,,,,6376,3903,8104,,,,,,,,,,,,,,,,,,,,,,,,,,,,,,,,,,,,,,,,,,CBS 117635T = DTO 009-F7 = IBT 25032,"Arachis hypogea, Manfredi, Cordoba province, Argentina, ex type of Aspergillus minisclerotigenes",,,,,,,,,,,,,,,,,,,,,,,,,,,,,,,,,,,,,,,,,,,,
,66,,,,,,,,,,,,1902,2649,868C,,,,,,,,,,,,,,,,,,,,,,,,,,,,,,,,,,,,,,,,,,CBS 117633 = DTO 009-F5,"Arachis hypogea seed, Provincia de Formosa, Las Lomitas, Argentina",,,,,,,,,,,,,,,,,,,,,,,,,,,,,,,,,,,,,,,,,,,,
,4540,,,,,,,,,,,,6476,3033,6091,,,,,,,,,,,,,,,,,,,,,,,,,,,,,,,,,,,,,,,,,,CBS 117634 = DTO 009-F6 = IBT 27197,"Arachis hypogea seed, Provincia de Cordoba, Alejandro, Argentina",,,,,,,,,,,,,,,,,,,,,,,,,,,,,,,,,,,,,,,,,,,,
,9705,,,,,,,,,,,,3360,1339,2668,,,,,,,,,,,,,,,,,,,,,,,,,,,,,,,,,,,,,,,,,,DTO 045-F4 = FRR 4086,"Freshly pulled peanuts, Interlaw Road, Kingaropy, Queensland, Australia",,,,,,,,,,,,,,,,,,,,,,,,,,,,,,,,,,,,,,,,,,,,
,1173,,,,,,,,,,,,1857,9776,9288,,,,,,,,,,,,,,,,,,,,,,,,,,,,,,,,,,,,,,,,,,DTO 045-F5 = FRR 4937,"Soil, Australia",,,,,,,,,,,,,,,,,,,,,,,,,,,,,,,,,,,,,,,,,,,,
,4129,,,,,,,,,,,,4659,3938,833,,,,,,,,,,,,,,,,,,,,,,,,,,,,,,,,,,,,,,,,,,DTO 045-F6 = FRR 5309,"Soil, Coalston Lakes, Queensland, Australia",,,,,,,,,,,,,,,,,,,,,,,,,,,,,,,,,,,,,,,,,,,,
,9100,,,,,,,,,,,,9413,3950,805é,,,,,,,,,,,,,,,,,,,,,,,,,,,,,,,,,,,,,,,,,,DTO 045-19 = NRRL A-11611 = NRRL 6444 = IBT 3840,"Soil of peanut field, Nigeria",,,,,,,,,,,,,,,,,,,,,,,,,,,,,,,,,,,,,,,,,,,,
,3680,,,,,,,,,,,,3862,7071,4208,,,,,,,,,,,,,,,,,,,,,,,,,,,,,,,,,,,,,,,,,,DTO 228-G9 =,"Agricultural soil, Jos, Plateau",,,,,,,,,,,,,,,,,,,,,,,,,,,,,,,,,,,,,,,,,,,,
,1231,,,,,,,,,,,,907,8145,4417,,,,,,,,,,,,,,,,,,,,,,,,,,,,,,,,,,,,,,,,,,,,DTO 228-H1 = IBT 32111,"Agricultural soil, Minna, Niger State, Nigeria",,,,,,,,,,,,,,,,,,,,,,,,,,,,,,,,,,,,,,,,,,
,2672,,,,,,,,,,,,3749,6045,834,,,,,,,,,,,,,,,,,,,,,,,,,,,,,,,,,,,,,,,,,,,,DTO 228-H5 = IBT 24629,Curry powder from Kenya imported to Denmark,,,,,,,,,,,,,,,,,,,,,,,,,,,,,,,,,,,,,,,,,,
,9498,,,,,,,,,,,,1387,3074,1037,,,,,,,,,,,,,,,,,,,,,,,,,,,,,,,,,,,,,,,,,,,,CBS 130016T = 223-C8 = IBT 32309 = MUM 10.231,"Maize kernel, Braga, Portugal, ex type of Aspergillus mottae",,,,,,,,,,,,,,,,,,,,,,,,,,,,,,,,,,,,,,,,,,
,9650,,,,,,,,,,,,3186,7606,9208,,,,,,,,,,,,,,,,,,,,,,,,,,,,,,,,,,,,,,,,,,,,MUM 10.233,"Maize, Portugal",,,,,,,,,,,,,,,,,,,,,,,,,,,,,,,,,,,,,,,,,,
,1912,,,,,,,,,,,,23/6,7588,4682,,,,,,,,,,,,,,,,,,,,,,,,,,,,,,,,,,,,,,,,,,,,CBS 143681T = DTO 326-D3 = 3/65 = CCF 9433 = IBT 33110 = IBT 33353,"Soil, Czech Republic, National Reservation Pouzdranska step - Kolby, A. Novakova, 2013, ex type of Aspergillus neoalliaceus",,,,,,,,,,,,,,,,,,,,,,,,,,,,,,,,,,,,,,,,,,
,141,,,,,,,,,,,,2946,1186,9/78¢,,,,,,,,,,,,,,,,,,,,,,,,,,,,,,,,,,,,,,,,,,,,CBS 134375 = S/7 = CCF 4424,"Soil, National Monument Jecmeniste, Czech Republic, A. Novakova, 2012",,,,,,,,,,,,,,,,,,,,,,,,,,,,,,,,,,,,,,,,,,
,9902,,,,,,,,,,,,1338,7176,3842,,,,,,,,,,,,,,,,,,,,,,,,,,,,,,,,,,,,,,,,,,,,DTO 326-D6 = 9/68 = CCF 0414 = IBT 33111 = IBT 33357,"Drilosphere soil, National Reservation Pouzdranska step — Kolby, Czech Republic, A. Novakova, 2013",,,,,,,,,,,,,,,,,,,,,,,,,,,,,,,,,,,,,,,,,,
,1379,,,,,,,,,,,,8674,6007,212¢,,,,,,,,,,,,,,,,,,,,,,,,,,,,,,,,,,,,,,,,,,,,DTO 326-D7 = B6 = CCF 5408 = IBT 32726,"Soil, National Reservation Pouzdranska step — Kolby, Czech Republic, A. Novakova, 2010",,,,,,,,,,,,,,,,,,,,,,,,,,,,,,,,,,,,,,,,,,
,4182,,,,,,,,,,,,4363,1854,9887,,,,,,,,,,,,,,,,,,,,,,,,,,,,,,,,,,,,,,,,,,,,DTO 326-E1 = = CCF 9410 = IBT 33359,"Soil, National monument Jecmeniste, Czech Republic, A. Novakova, 2013",,,,,,,,,,,,,,,,,,,,,,,,,,,,,,,,,,,,,,,,,,
,6425,,,,,,,,,,,,6643,4929,497€,,,,,,,,,,,,,,,,,,,,,,,,,,,,,,,,,,,,,,,,,,,,DTO 326-E2 = 3/66 = CCF 9412 = IBT 33355,"Allolobophora hrabei cast, National Reservation Pouzdranska step — Kolby, Czech Republic, A. Novakova, 2013",,,,,,,,,,,,,,,,,,,,,,,,,,,,,,,,,,,,,,,,,,
,2831,,,,,,,,,,,,2594,6962,4281,,,,,,,,,,,,,,,,,,,,,,,,,,,,,,,,,,,,,,,,,,,,DTO 326-E4 = 3/64 = CCF,"Soil, National monument Jecmeniste, Czech Republic,",,,,,,,,,,,,,,,,,,,,,,,,,,,,,,,,,,,,,,,,,,
,2951,,,,,,,,,,,,9619,9175,,,,,,,,,,,,,,,,,,,,,,,,,,,,,,,,,,,,,,,,,,,,,,,DTO 326-E5 = $913 = CCF 9415 = IBT 33351,"Soil, National monument Jecmeniste, Czech Republic, A. Novakova, 2013",,,,,,,,,,,,,,,,,,,,,,,,,,,,,,,,,,,,,,,,
,7174,,,,,,,,,,,,8567,6496,6865,,,,,,,,,,,,,,,,,,,,,,,,,,,,,,,,,,,,,,,,,,,,,,DTO 326-E7 = 9/67 = CCF 9413 = IBT 33109 = IBT 33352,"Soil, National Reservation Pouzdranska step — Kolby, Czech Republic, A. Novakova, 2013",,,,,,,,,,,,,,,,,,,,,,,,,,,,,,,,,,,,,,,,
,2280,,,,,,,,,,,,9182,3260,3334,,,,,,,,,,,,,,,,,,,,,,,,,,,,,,,,,,,,,,,,,,,,,,CCF 5815 = 91429,"Soil, above the Liliecilor de la Gura Dobrogei cave, Dobrogea, Romania, A. Novakova, 2016",,,,,,,,,,,,,,,,,,,,,,,,,,,,,,,,,,,,,,,,
,854,,,,,,,,,,,,9419,1842,,,,,,,,,,,,,,,,,,,,,,,,,,,,,,,,,,,,,,,,,,,,,,,CCF 5840 = 5988,"Soil, above the Limanu cave, Dobrogea, Romania, A. Novakova, 2014",,,,,,,,,,,,,,,,,,,,,,,,,,,,,,,,,,,,,,,,
,1006,,,,,,,,,,,,1995,2113,4472,,,,,,,,,,,,,,,,,,,,,,,,,,,,,,,,,,,,,,,,,,,,,,CBS 260.88T = NRRL 13137 = IBT 3656 = IBT4966 = FDA M93,"Wheat, USA, A.F. Schindler, 1965, ex type of Aspergillus nomius",,,,,,,,,,,,,,,,,,,,,,,,,,,,,,,,,,,,,,,,
,3390,,,,,,,,,,,,8848,3599,1097,,,,,,,,,,,,,,,,,,,,,,,,,,,,,,,,,,,,,,,,,,,,,,CBS 117629 = NRRL 25585 = IBT 23530,"Silk worm frass, Japan, 1987",,,,,,,,,,,,,,,,,,,,,,,,,,,,,,,,,,,,,,,,
,1343,,,,,,,,,,,,2972,3837,3092,,,,,,,,,,,,,,,,,,,,,,,,,,,,,,,,,,,,,,,,,,,,,,CBS 399.93 = DTO 301-18 = AS 3.4626 = IBT 14647,"Soil, Guandong, Zhaoging, China, ex type of Aspergillus Zhaoqingensis",,,,,,,,,,,,,,,,,,,,,,,,,,,,,,,,,,,,,,,,
,3508,,,,,,,,,,,,3881,1971,1721,,,,,,,,,,,,,,,,,,,,,,,,,,,,,,,,,,,,,,,,,,,,,,DTO 161-F1,"Bamboo sample, Walailak, Thailand",,,,,,,,,,,,,,,,,,,,,,,,,,,,,,,,,,,,,,,,
,991,,,,,,,,,,,,9453,1350,137,,,,,,,,,,,,,,,,,,,,,,,,,,,,,,,,,,,,,,,,,,,,,,DTO 161-F2,"Bamboo sample, Addis Abeba, Ethiopia",,,,,,,,,,,,,,,,,,,,,,,,,,,,,,,,,,,,,,,,
,3931,,,,,,,,,,,,2459,2/69,6957,,,,,,,,,,,,,,,,,,,,,,,,,,,,,,,,,,,,,,,,,,,,,,DTO 226-15,"Storage room of cassava, Yogyakarta, Indonesia",,,,,,,,,,,,,,,,,,,,,,,,,,,,,,,,,,,,,,,,
,6579,,,,,,,,,,,,978,4628,8079,,,,,,,,,,,,,,,,,,,,,,,,,,,,,,,,,,,,,,,,,,,,,,DTO 227-B8,"Storage room of cassava, Yogyakarta, Indonesia",,,,,,,,,,,,,,,,,,,,,,,,,,,,,,,,,,,,,,,,
,,,,,,,,,,,,,,,,,,,,,,,,,,,,,,,,,,,,,,,,,,,,,,,,,,,,,,,,,,,,,,,DTO 247-F9,"House dust, Mexico",1345,9190,6196,261,,,,,,,,,,,,,,,,,,,,,,,,,,,,,,,,,,
,,,,,,,,,,,,,,,,,,,,,,,,,,,,,,,,,,,,,,,,,,,,,,,,,,,,,,,,,,,,,,,DTO 247-G8,"House dust, Mexico",3148,9157,6480,4571,,,,,,,,,,,,,,,,,,,,,,,,,,,,,,,,,,
,,,,,,,,,,,,,,,,,,,,,,,,,,,,,,,,,,,,,,,,,,,,,,,,,,,,,,,,,,,,,,,DTO 318-F4,"Heat treated pectin, Germany",6046,6827,9090,4582,,,,,,,,,,,,,,,,,,,,,,,,,,,,,,,,,,
,,,,,,,,,,,,,,,,,,,,,,,,,,,,,,,,,,,,,,,,,,,,,,,,,,,,,,,,,,,,,,,DTO 321-F2,"Cystic fibrosis patient material, the Netherlands",313,1165,3840,6195,,,,,,,,,,,,,,,,,,,,,,,,,,,,,,,,,,
,,,,,,,,,,,,,,,,,,,,,,,,,,,,,,,,,,,,,,,,,,,,,,,,,,,,,,,,,,,,,,,IMI 190557 = NRRL 20745 = IBT 19368,"Dried Curcuma longa, Central Crops Reseaerch Institute, India",7780,8429,6704,9820,,,,,,,,,,,,,,,,,,,,,,,,,,,,,,,,,,
,,,,,,,,,,,,,,,,,,,,,,,,,,,,,,,,,,,,,,,,,,,,,,,,,,,,,,,,,,,,,,,NRRL 13138 = IBT 4493 = IBT 4495 = IBT 5054,"Sub-isolate from a mixed culture, U.L. Diener, 1967",9311,822,4411,1818,,,,,,,,,,,,,,,,,,,,,,,,,,,,,,,,,,
,,,,,,,,,,,,,,,,,,,,,,,,,,,,,,,,,,,,,,,,,,,,,,,,,,,,,,,,,,,,,,,NRRL 3161 = IBT 3661 = IBT 4975,"Cycas circinalis, Guam, USA, A.C. Keyl, 1965",7590,4937,6006,8524,,,,,,,,,,,,,,,,,,,,,,,,,,,,,,,,,,
,,,,,,,,,,,,,,,,,,,,,,,,,,,,,,,,,,,,,,,,,,,,,,,,,,,,,,,,,,,,,,,CBS 126849T = DTO 223-C3 = DTO 223-C4 = FMR 10121 = LEMI 250 = IBT 32311,"Sputum of leukemic patient, Sao Paolo, Brazil, ex type of Aspergillus novoparasiticus",9868,2647,4817,1662,,,,,,,,,,,,,,,,,,,,,,,,,,,,,,,,,,
,,,,,,,,,,,,,,,,,,,,,,,,,,,,,,,,,,,,,,,,,,,,,,,,,,,,,,,,,,,,,,,CBS 126850 = DTO 223-C5 = FMR 10158 = LEMI 149 IOP = IBT 32312,"Air sample, Sao Paulo, Brazil",3140,1000,1468,7861,,,,,,,,,,,,,,,,,,,,,,,,,,,,,,,,,,
,,,,,,,,,,,,,,,,,,,,,,,,,,,,,,,,,,,,,,,,,,,,,,,,,,,,,,,,,,,,,,,CBS 102.07T = CBS 110.47 = CBS 100925 = ATCC 1011 = ATCC 12891 = ATCC 4814 = ATCC 7651 = ATCC 9102 = CECT 2094 = IFO 4075 = IFO 9375 = IMI 016266ii = IMI 016266 = IMI,"Unknown source, ex type of Aspergillus oryzae",1245,266,4525,8658,,,,,,,,,,,,,,,,,,,,,,,,,,,,,,,,,,
,,,,,,,,,,,,,,,,,,,,,,,,,,,,,,,,,,,,,,,,,,,,,,,,,,,,,,,,,,,,,,,,,,,,,CBS 260.67 = DTO 046-C2 = ATCC 15517 = CCM F-550 = CECT 2680 = DSM 2038 = IFO 30179 = IHEM 4387 = IMI 120920 = IMI 229041 = MUCL 31311,"Unknown source, Japan, ex type of Aspergillus parasiticus var. globosus",8061,6942,3520,9645,,,,,,,,,,,,,,,,,,,,,,,,,,,,
,,,,,,,,,,,,,,,,,,,,,,,,,,,,,,,,,,,,,,,,,,,,,,,,,,,,,,,,,,,,,,,,,,,,,CBS 580.65 = DTO 046-B9 = ATCC 1014 = ATCC 16863 = IMI 016127ii = LSHB Ac22 = NCTC 974 = NRRL 424 = QM 1475 = VKM F-2041 = WB 424 = IBT 3664 = IBT 3670 = IBT 10828,"Soil, Georgia, USA, ex type of Aspergillus terricola var. americana",4077,8987,1731,9127,,,,,,,,,,,,,,,,,,,,,,,,,,,,
,,,,,,,,,,,,,,,,,,,,,,,,,,,,,,,,,,,,,,,,,,,,,,,,,,,,,,,,,,,,,,,,,,,,,CBS 822.72 = DTO 046-A9 = ATCC 22789 = IFO 30109 = IMI 089717 =RIB 4002 = TRI M 39 = |IBT 4377 = IBT 4408,"Arachis hypogea, Uganda, ex type of Aspergillus toxicarius",82,8843,2440,1580,,,,,,,,,,,,,,,,,,,,,,,,,,,,
,,,,,,,,,,,,,,,,,,,,,,,,,,,,,,,,,,,,,,,,,,,,,,,,,,,,,,,,,,,,,,,,,,,,,CBS 921.70 = ATCC 26691 = CECT 2681 = IHEM 4383 = NRRL 2999 = IBT 3634 = IBT 15675,"Unknown source, Uganda",993,6265,3853,2135,,,,,,,,,,,,,,,,,,,,,,,,,,,,
,,,,,,,,,,,,,,,,,,,,,,,,,,,,,,,,,,,,,,,,,,,,,,,,,,,,,,,,,,,,,,,,,,,,,,,,,,,DTO 203-H7,"Soil, Kabodan Island, Iran",8200,6048,6546,887€,,,,,,,,,,,,,,,,,,,,,,
,,,,,,,,,,,,,,,,,,,,,,,,,,,,,,,,,,,,,,,,,,,,,,,,,,,,,,,,,,,,,,,,,,,,,,,,,,,DTO 258-D1,Corn kernels from East-Europe imported to the Netherlands,215/,601,3083,642,,,,,,,,,,,,,,,,,,,,,,
,,,,,,,,,,,,,,,,,,,,,,,,,,,,,,,,,,,,,,,,,,,,,,,,,,,,,,,,,,,,,,,,,,,,,,,,,,,DTO 258-D4,Corn kernels from East-Europe imported to the Netherlands,7462,3146,3830,876,,,,,,,,,,,,,,,,,,,,,,
,,,,,,,,,,,,,,,,,,,,,,,,,,,,,,,,,,,,,,,,,,,,,,,,,,,,,,,,,,,,,,,,,,,,,,,,,,,DTO 283-C6,"Soil from corn.field, Thailand",6915,4421,4607,912€,,,,,,,,,,,,,,,,,,,,,,
,,,,,,,,,,,,,,,,,,,,,,,,,,,,,,,,,,,,,,,,,,,,,,,,,,,,,,,,,,,,,,,,,,,,,,,,,,,DTO 285-G9,"Soil from corn.field, Thailand",716,6050,6022,6037,,,,,,,,,,,,,,,,,,,,,,
,,,,,,,,,,,,,,,,,,,,,,,,,,,,,,,,,,,,,,,,,,,,,,,,,,,,,,,,,,,,,,,,,,,,,,,,,,,DTO 301-E6,"Corn kernels, imported to the Netherlands",2449,8899,9082,1362,,,,,,,,,,,,,,,,,,,,,,
,,,,,,,,,,,,,,,,,,,,,,,,,,,,,,,,,,,,,,,,,,,,,,,,,,,,,,,,,,,,,,,,,,,,,,,,,,,DTO 303-C2,Unknown source,8954,9070,4835,2/1?,,,,,,,,,,,,,,,,,,,,,,
,,,,,,,,,,,,,,,,,,,,,,,,,,,,,,,,,,,,,,,,,,,,,,,,,,,,,,,,,,,,,,,,,,,,,,,,,,,NRRL 13005 = IBT 4564,"Microarthropod in beech forest litter, Michigan, USA (produces sclerotia)",3/6,1951,3192,1977,,,,,,,,,,,,,,,,,,,,,,
,,,,,,,,,,,,,,,,,,,,,,,,,,,,,,,,,,,,,,,,,,,,,,,,,,,,,,,,,,,,,,,,,,,,,,,,,,,NRRL 4123,Toxic grain,1372,841,1973,1642,,,,,,,,,,,,,,,,,,,,,,
,,,,,,,,,,,,,,,,,,,,,,,,,,,,,,,,,,,,,,,,,,,,,,,,,,,,,,,,,,,,,,,,,,,,,,,,,,,NRRL 6433 = IBT 4375,"Corn, North Carolina, USA",8991,6964,93,219,,,,,,,,,,,,,,,,,,,,,,
,,,,,,,,,,,,,,,,,,,,,,,,,,,,,,,,,,,,,,,,,,,,,,,,,,,,,,,,,,,,,,,,,,,,,,,,,,,CBS 143680T = DTO 228-H4 = IBT 24628,"Black pepper, unknown origin, imported to Denmark, ex type of Aspergillus pipericola",4068,4105,627,2588,,,,,,,,,,,,,,,,,,,,,,
,,,,,,,,,,,,,,,,,,,,,,,,,,,,,,,,,,,,,,,,,,,,,,,,,,,,,,,,,,,,,,,,,,,,,,,,,,,CBS 117616T = DTO 010-H4 = IBT 27191,"Arachis burkartii leaf, Mercedes, Corrientes province, Ituzaingo, Argentina",4597,8362,1458,6132,,,,,,,,,,,,,,,,,,,,,,
,,,,,,,,,,,,,,,,,,,,,,,,,,,,,,,,,,,,,,,,,,,,,,,,,,,,,,,,,,,,,,,,,,,,,,,,,,,ITAL 103CC = IBT 29230,"Peanuts, Brazil",4743,9983,1602,9442,,,,,,,,,,,,,,,,,,,,,,
,,,,,,,,,,,,,,,,,,,,,,,,,,,,,,,,,,,,,,,,,,,,,,,,,,,,,,,,,,,,,,,,,,,,,,,,,,,ITAL 1300F/09 = IBT 30532,"Brazil nuts, Amazon, Brazil",9594,9041,3906,9461,,,,,,,,,,,,,,,,,,,,,,
,,,,,,,,,,,,,,,,,,,,,,,,,,,,,,,,,,,,,,,,,,,,,,,,,,,,,,,,,,,,,,,,,,,,,,,,,,,CBS 119388T = DTO 009-F1 = NRRL 3353 = 27864 = IBT 14897,"Diseased alkali bee (Nomius sp.), Wyoming, USA",4502,2641,1060,2662,,,,,,,,,,,,,,,,,,,,,,
,,,,,,,,,,,,,,,,,,,,,,,,,,,,,,,,,,,,,,,,,,,,,,,,,,,,,,,,,,,,,,,,,,,,,,,,,,,DTO,"Soil of corn-field, Phayao, Thailand",4752,9535,9565,7330,,,,,,,,,,,,,,,,,,,,,,
,,,,,,,,,,,,,,,,,,,,,,,,,,,,,,,,,,,,,,,,,,,,,,,,,,,,,,,,,,,,,,,,,,,,,,,,,,,,,,,,,DTO 267-D6,"House dust, Micronesia",9124,7665,9433,327,,,,,,,,,,,,,,,,
,,,,,,,,,,,,,,,,,,,,,,,,,,,,,,,,,,,,,,,,,,,,,,,,,,,,,,,,,,,,,,,,,,,,,,,,,,,,,,,,,DTO,"House dust, Thailand",2220,3894,4579,9224,,,,,,,,,,,,,,,,
,,,,,,,,,,,,,,,,,,,,,,,,,,,,,,,,,,,,,,,,,,,,,,,,,,,,,,,,,,,,,,,,,,,,,,,,,,,,,,,,,DTO 267-14,"House dust, Thailand",3543,9239,4359,4017,,,,,,,,,,,,,,,,
,,,,,,,,,,,,,,,,,,,,,,,,,,,,,,,,,,,,,,,,,,,,,,,,,,,,,,,,,,,,,,,,,,,,,,,,,,,,,,,,,IBT 12657 = DTO 303-A4,"Seed, unknown location",8800,9938,3240,9158,,,,,,,,,,,,,,,,
,,,,,,,,,,,,,,,,,,,,,,,,,,,,,,,,,,,,,,,,,,,,,,,,,,,,,,,,,,,,,,,,,,,,,,,,,,,,,,,,,ITAL 823/07,"Brazil nut, Amazon, Brazil",3465,9319,1969,8269,,,,,,,,,,,,,,,,
,,,,,,,,,,,,,,,,,,,,,,,,,,,,,,,,,,,,,,,,,,,,,,,,,,,,,,,,,,,,,,,,,,,,,,,,,,,,,,,,,ITAL 849F = IBT 32759,"Brazil nut, Amazonas, Brazil",9573,8019,1219,4414,,,,,,,,,,,,,,,,
,,,,,,,,,,,,,,,,,,,,,,,,,,,,,,,,,,,,,,,,,,,,,,,,,,,,,,,,,,,,,,,,,,,,,,,,,,,,,,,,,NRRL 6552,"Diseased pine sawlly, Wisconsin, USA, C.R. Benjamin, 1967",7023,4141,8384,9037,,,,,,,,,,,,,,,,
,,,,,,,,,,,,,,,,,,,,,,,,,,,,,,,,,,,,,,,,,,,,,,,,,,,,,,,,,,,,,,,,,,,,,,,,,,,,,,,,,CBS 766.97T = NRRL 25517 = DTO 046-C1 = IBT 21092,"Soil, teafield, Japan",3/14,4378,6691,9852,,,,,,,,,,,,,,,,
,,,,,,,,,,,,,,,,,,,,,,,,,,,,,,,,,,,,,,,,,,,,,,,,,,,,,,,,,,,,,,,,,,,,,,,,,,,,,,,,,CBS 117625 = NRRL 25518 = IBT 21090,"Soil, teafield, Japan",2008,6182,6778,3696,,,,,,,,,,,,,,,,
,,,,,,,,,,,,,,,,,,,,,,,,,,,,,,,,,,,,,,,,,,,,,,,,,,,,,,,,,,,,,,,,,,,,,,,,,,,,,,,,,CBS 117628 = NRRL 25519 = IBT 21093,"Soil, teafield, Japan",819,9442,9353,4161,,,,,,,,,,,,,,,,
,,,,,,,,,,,,,,,,,,,,,,,,,,,,,,,,,,,,,,,,,,,,,,,,,,,,,,,,,,,,,,,,,,,,,,,,,,,,,,,,,CBS 765.97 = NRRL 443,Unknown source,9601,6/7/,7013,8623,,,,,,,,,,,,,,,,
,,,,,,,,,,,,,,,,,,,,,,,,,,,,,,,,,,,,,,,,,,,,,,,,,,,,,,,,,,,,,,,,,,,,,,,,,,,,,,,,,ITAL 791F/09 = IBT 30530,"Brazil nut, Amazonas, Brazil",9136,3026,9969,1202,,,,,,,,,,,,,,,,
,,,,,,,,,,,,,,,,,,,,,,,,,,,,,,,,,,,,,,,,,,,,,,,,,,,,,,,,,,,,,,,,,,,,,,,,,,,,,,,,,ITAL 792F/09 = IBT 30531,"Brazil nut, Amazonas, Brazil",7080,6269,4852,8826,,,,,,,,,,,,,,,,
,,,,,,,,,,,,,,,,,,,,,,,,,,,,,,,,,,,,,,,,,,,,,,,,,,,,,,,,,,,,,,,,,,,,,,,,,,,,,,,,,CBS 130017T = DTO 223-C9 = IBT 32292 = IBT 32293,"Fruits of Prunus dulcis, Trans-Os-Montes processing plant, Faro, Portugal, ex type of Aspergillus",4930,2948,6402,3212,,,,,,,,,,,,,,,,
,,,,,,,,,,,,,,,,,,,,,,,,,,,,,,,,,,,,,,,,,,,,,,,,,,,,,,,,,,,,,,,,,,,,,,,,,,,,,,,,,CBS 100928T = DTO 046-C3 = ATCC 42251 = IAM 2669 = IFO,"Koji of soy sauce, shoyu brewing, 1942, ex neotype of Aspergillus sojae",2469,3/16,8595,9045,,,,,,,,,,,,,,,,
,"Soy sauce, Japan",,,,,,,,,,,,6260,559,7053,1392,,,,,,,,,,,,,,,,,,,,,,,,,,,,,,,,,,,,,,,,,,,,,,,,,,,,,,,,,,,,,,,,,,,,,,,CBS 100929 = NISL 1909 = IBT 21643,,,,,,,,,,,,,,,
,"Soy sauce, Japan",,,,,,,,,,,,1782,2896,9976,9335,,,,,,,,,,,,,,,,,,,,,,,,,,,,,,,,,,,,,,,,,,,,,,,,,,,,,,,,,,,,,,,,,,,,,,,CBS 100930 = NISL 1939 = IBT 21644,,,,,,,,,,,,,,,
,"Soy sauce, Japan",,,,,,,,,,,,9589,2517,8/39,9251,,,,,,,,,,,,,,,,,,,,,,,,,,,,,,,,,,,,,,,,,,,,,,,,,,,,,,,,,,,,,,,,,,,,,,,CBS 100931 = NISL 1905 = IBT 21645,,,,,,,,,,,,,,,
,"Soy sauce, Japan",,,,,,,,,,,,1812,4581,4383,721,,,,,,,,,,,,,,,,,,,,,,,,,,,,,,,,,,,,,,,,,,,,,,,,,,,,,,,,,,,,,,,,,,,,,,,CBS 100932 = IAM 2665 = IFO 4239 = NISL 1777 =I|IBT 21646,,,,,,,,,,,,,,,
,"Soy sauce, Japan",,,,,,,,,,,,3333,6683,4990,493¢,,,,,,,,,,,,,,,,,,,,,,,,,,,,,,,,,,,,,,,,,,,,,,,,,,,,,,,,,,,,,,,,,,,,,,,CBS 100933 = NISL 1939 = IBT 21647,,,,,,,,,,,,,,,
,"Soy sauce, Japan",,,,,,,,,,,,7375,7114,9107,,,,,,,,,,,,,,,,,,,,,,,,,,,,,,,,,,,,,,,,,,,,,,,,,,,,,,,,,,,,,,,,,,,,,,,,CBS 100934 = IAM 2718 = IFO 4274 = RIB 1050 = NISL 1849 = IBT 21648,,,,,,,,,,,,,,,
,"Soy sauce, Japan",,,,,,,,,,,,9443,7933,9099,349,,,,,,,,,,,,,,,,,,,,,,,,,,,,,,,,,,,,,,,,,,,,,,,,,,,,,,,,,,,,,,,,,,,,,,,CBS 100935 = NISL 1920 = IBT 21649,,,,,,,,,,,,,,,
,"Soy sauce, Japan (produces versicolorins)",,,,,,,,,,,,874,3057,3400,297¢,,,,,,,,,,,,,,,,,,,,,,,,,,,,,,,,,,,,,,,,,,,,,,,,,,,,,,,,,,,,,,,,,,,,,,,CBS 100936 = IAM 2678 = 1024 = IBT 21650,,,,,,,,,,,,,,,
,"Miso brewing, Okayama",,,,,,,,,,,,2134,5447,9422,2216,,,,,,,,,,,,,,,,,,,,,,,,,,,,,,,,,,,,,,,,,,,,,,,,,,,,,,,,,,,,,,,,,,,,,,,CBS 126.59 =,,,,,,,,,,,,,,,
,7606,,,,,,,,,,,,3516,8548,3222,,,,,,,,,,,,,,,,,,,,,,,,,,,,,,,,,,,,,,,,,,,,,,,,,,,,,,,,,,,,,,,,,,,,,,,,,CBS 133.52 = ATCC 9362 = CECT 2095 = IMI 087159 = NRRL 1947 = NRRL 1988 = NRRL 4841 = WB 4841 = IBT 3595,"Soy sauce, unknown origin",,,,,,,,,,,,,
,7800,,,,,,,,,,,,9808,940,3/6€,,,,,,,,,,,,,,,,,,,,,,,,,,,,,,,,,,,,,,,,,,,,,,,,,,,,,,,,,,,,,,,,,,,,,,,,,DTO 173-C3 = IFM 46699,Unknown source,,,,,,,,,,,,,
,3180,,,,,,,,,,,,3589,2405,4247,,,,,,,,,,,,,,,,,,,,,,,,,,,,,,,,,,,,,,,,,,,,,,,,,,,,,,,,,,,,,,,,,,,,,,,,,NRRL 5594 = IBT 4600,Unknown source,,,,,,,,,,,,,
,9/07,,,,,,,,,,,,6094,1542,9814,,,,,,,,,,,,,,,,,,,,,,,,,,,,,,,,,,,,,,,,,,,,,,,,,,,,,,,,,,,,,,,,,,,,,,,,,CBS 143683T = DTO 326-E8 = 9/78 = CCF 4957 = NRRL 66254 = IBT 34939,"Soil, near Movile Cave, Romania, A. Novakova, 2013, ex type of Aspergillus subflavus",,,,,,,,,,,,,
,85,,,,,,,,,,,,663,353,142C,,,,,,,,,,,,,,,,,,,,,,,,,,,,,,,,,,,,,,,,,,,,,,,,,,,,,,,,,,,,,,,,,,,,,,,,,,"Moonmilk, Na Spiéaku cave, Czech Republic, A. Novakova, 2013",,,,,,,,,,,,,
,228,,,,,,,,,,,,1789,414,9507,,,,,,,,,,,,,,,,,,,,,,,,,,,,,,,,,,,,,,,,,,,,,,,,,,,,,,,,,,,,,,,,,,,,,,,,,CBS 104.13T = NRRL 20818 = QM 9374 = IBT 3648,"Activated carbon, unknown origin, ex neotype of Aspergillus tamarii",,,,,,,,,,,,,
,9039,,,,,,,,,,,,1066,2601,1985,,,,,,,,,,,,,,,,,,,,,,,,,,,,,,,,,,,,,,,,,,,,,,,,,,,,,,,,,,,,,,,,,,,,,,,,,CBS 133097 = DTO 213-H5 = NRRL 4959,"Unknown source, representative of Aspergillus tamaril var. Crassus",,,,,,,,,,,,,
,1933,,,,,,,,,,,,7404,6880,,,,,,,,,,,,,,,,,,,,,,,,,,,,,,,,,,,,,,,,,,,,,,,,,,,,,,,,,,,,,,,,,,,,,,,,,,CBS 133393 = NRRL 4966 = IMI 016124 = IBT 3628,"seed, cacao, unknown origin",,,,,,,,,,,,,
,4244,,,,,,,,,,,,2255,6996,1118,,,,,,,,,,,,,,,,,,,,,,,,,,,,,,,,,,,,,,,,,,,,,,,,,,,,,,,,,,,,,,,,,,,,,,,,,DTO 010-G9 =,"Mouldy bread, India (ex type",,,,,,,,,,,,,
,803,,,,,,,,,,,,9469,7885,899°,,,,,,,,,,,,,,,,,,,,,,,,,,,,,,,,,,,,,,,,,,,,,,,,,,,,,,,,,,,,,,,,,,,,,,,,,,,DTO 065-A4,"Indoor environment, Germany",,,,,,,,,,,
,3850,,,,,,,,,,,,9474,2878,6322,,,,,,,,,,,,,,,,,,,,,,,,,,,,,,,,,,,,,,,,,,,,,,,,,,,,,,,,,,,,,,,,,,,,,,,,,,,DTO 066-A1,"Corn kernels, Indonesia",,,,,,,,,,,
,2116,,,,,,,,,,,,3228,3381,4466,,,,,,,,,,,,,,,,,,,,,,,,,,,,,,,,,,,,,,,,,,,,,,,,,,,,,,,,,,,,,,,,,,,,,,,,,,,DTO 145-C3,"Indoor environment, Germany",,,,,,,,,,,
,1244,,,,,,,,,,,,4139,7465,1832,,,,,,,,,,,,,,,,,,,,,,,,,,,,,,,,,,,,,,,,,,,,,,,,,,,,,,,,,,,,,,,,,,,,,,,,,,,DTO 266-D7,"House dust, Mexico",,,,,,,,,,,
,7102,,,,,,,,,,,,8/71,2230,970°,,,,,,,,,,,,,,,,,,,,,,,,,,,,,,,,,,,,,,,,,,,,,,,,,,,,,,,,,,,,,,,,,,,,,,,,,,,DTO 364-E3,"Air in chocolate factory, the Netherlands",,,,,,,,,,,
,4620,,,,,,,,,,,,3217,3995,107°,,,,,,,,,,,,,,,,,,,,,,,,,,,,,,,,,,,,,,,,,,,,,,,,,,,,,,,,,,,,,,,,,,,,,,,,,,,NRRL 425,"Unknown source, representative of Aspergillus lutescens nomen nudum",,,,,,,,,,,
,2386,,,,,,,,,,,,4228,8349,619€,,,,,,,,,,,,,,,,,,,,,,,,,,,,,,,,,,,,,,,,,,,,,,,,,,,,,,,,,,,,,,,,,,,,,,,,,,,NRRL 426 = DTO 010-H3 = CBS 579.65 = IBT 3681 = IBT 3826 = IBT 10827,"Unknown substrate, USA, ex neotype of Aspergillus terricola",,,,,,,,,,,
,3/37,,,,,,,,,,,,925/,4604,,,,,,,,,,,,,,,,,,,,,,,,,,,,,,,,,,,,,,,,,,,,,,,,,,,,,,,,,,,,,,,,,,,,,,,,,,,,NRRL 4911 = CBS 484.65 = IBT 3659,"Air contaminant, Brazil, ex neotype of Aspergillus flavofurcatus",,,,,,,,,,,
,494,,,,,,,,,,,,2464,2581,,,,,,,,,,,,,,,,,,,,,,,,,,,,,,,,,,,,,,,,,,,,,,,,,,,,,,,,,,,,,,,,,,,,,,,,,,,,CBS 205.75T = LCP 67.3456 = NRRL 13551 = BT 14899 = IBT 21943,"Decaying fruit of Landolphia sp., Central African Republic, ex type of Aspergillus togoensis",,,,,,,,,,,
,665,,,,,,,,,,,,9639,9364,,,,,,,,,,,,,,,,,,,,,,,,,,,,,,,,,,,,,,,,,,,,,,,,,,,,,,,,,,,,,,,,,,,,,,,,,,,,CBS 272.89 = DTO 034-C1 = NRRL 13550 = IBT 14989 = IBT,"Seed, La Maboke, Central African Republic",,,,,,,,,,,
,,,,,,,,,,,,,,,,,,,,,,,,,,,,,,,,,,,,,,,,,,,,,,,,,,,,,,,,,,,,,,,,,,,,,,,,,,,,,,,,,,,,,,,,,,,,MUM 10.205,"Almond, Portugal",235/,1711,1803,1606,,,,,
,,,,,,,,,,,,,,,,,,,,,,,,,,,,,,,,,,,,,,,,,,,,,,,,,,,,,,,,,,,,,,,,,,,,,,,,,,,,,,,,,,,,,,,,,,,,MUM 10.211,"Almond, Portugal",3/21,1833,3613,1372,,,,,
,,,,,,,,,,,,,,,,,,,,,,,,,,,,,,,,,,,,,,,,,,,,,,,,,,,,,,,,,,,,,,,,,,,,,,,,,,,,,,,,,,,,,,,,,,,,MUM 10.221,"Almond, Portugal",9497,3102,9858,694,,,,,
,,,,,,,,,,,,,,,,,,,,,,,,,,,,,,,,,,,,,,,,,,,,,,,,,,,,,,,,,,,,,,,,,,,,,,,,,,,,,,,,,,,,,,,,,,,,CBS 612.78T = DTO 069-D2 = DTO 034-B5 = NRRL 5108 = IBT 13876 = CCF 5683,"Unknown source, Buenos Aires, Argentina, ex type of Aspergillus vandermerwel",932,3954,9502,421,,,,,
,,,,,,,,,,,,,,,,,,,,,,,,,,,,,,,,,,,,,,,,,,,,,,,,,,,,,,,,,,,,,,,,,,,,,,,,,,,,,,,,,,,,,,,,,,,,DTO 199-A9 = CBS 129201 = DMSA 706 = IBT 16758 = CCF 9679,"Unknown source, USA, California",1472,2293,6949,4241,,,,,
,,,,,,,,,,,,,,,,,,,,,,,,,,,,,,,,,,,,,,,,,,,,,,,,,,,,,,,,,,,,,,,,,,,,,,,,,,,,,,,,,,,,,,,,,,,,DTO 210-F8 = CBS 132171 = IBT 16423 = RMF 7709,"Native shortgrass prairie, soil (1 m deep), Pawnee National Grassland, Colorado, USA",8357,9923,9990,1887,,,,,
,,,,,,,,,,,,,,,,,,,,,,,,,,,,,,,,,,,,,,,,,,,,,,,,,,,,,,,,,,,,,,,,,,,,,,,,,,,,,,,,,,,,,,,,,,,,DTO 363-F3 = NRRL 1237 = IBT 21072 = CCF 5602,Unknown source,9917,9924,2410,1862,,,,,
,,,,,,,,,,,,,,,,,,,,,,,,,,,,,,,,,,,,,,,,,,,,,,,,,,,,,,,,,,,,,,,,,,,,,,,,,,,,,,,,,,,,,,,,,,,,DTO 368-B9 = IBT 16661 = CCF 5684,"Soil under crested wheat grass, 2 km south of Pryor, Colorado, USA",9528,3152,3125,6208,,,,,
,,,,,,,,,,,,,,,,,,,,,,,,,,,,,,,,,,,,,,,,,,,,,,,,,,,,,,,,,,,,,,,,,,,,,,,,,,,,,,,,,,,,,,,,,,,,DTO 368-C1 = NRRL 1236 = IBT 13865 = CCF 5685,Unknown source,8826,979,2914,6428,,,,,
,,,,,,,,,,,,,,,,,,,,,,,,,,,,,,,,,,,,,,,,,,,,,,,,,,,,,,,,,,,,,,,,,,,,,,,,,,,,,,,,,,,,,,,,,,,,DTO 368-C2 = CBS 126709 = RMF 9585 = IBT 20468 = CCF 5681,"Grassland, A1 soil horizon soil, Canyonlands National park, Utah, USA",307,9109,3178,4504,,,,,
,,,,,,,,,,,,,,,,,,,,,,,,,,,,,,,,,,,,,,,,,,,,,,,,,,,,,,,,,,,,,,,,,,,,,,,,,,,,,,,,,,,,,,,,,,,,,,,,,,USA,,,,
,,,,,,,,,,,,,,,,,,,,,,,,,,,,,,,,,,,,,,,,,,,,,,,,,,,,,,,,,,,,,,,,,,,,,,,,,,,,,,,,,,,,,,,,,,,,,,,,,,"A1 soil horizon, Canyonlands National park, Utah, USA",8/799,3225,9545,9675
